Symbol,Exchange,BBG ticker,PX_LAST,MOV_AVG_200D,VOLUME_AVG_90D,180_DAY_AVERAGE_TURNOVER_AT_TIME,CUR_MKT_CAP,TC,TC(%),AVERAGE_BID_ASK_SPREAD_%,NAME
TV,NYSE,TV US Equity, 21.14 , 25.25 ," 2,848,053 "," 62,170,632 "," 12,366,054,400 ",7.921953,0.02%,0.0499889571,GRUPO TELEVISA SA-SPON ADR
CFG,NYSE,CFG US Equity, 35.91 , 25.25 ," 5,724,102 "," 186,249,081 "," 18,381,533,701 ",7.919788217,0.02%,0.0305278576,CITIZENS FINANCIAL GROUP
PBF,NYSE,PBF US Equity, 25.12 , 25.42 ," 2,681,965 "," 56,632,611 "," 2,737,428,061 ",7.867603938,0.02%,0.0668492229,PBF ENERGY INC-CLASS A
WMB,NYSE,WMB US Equity, 32.42 , 25.43 ," 7,212,942 "," 239,858,969 "," 24,342,147,244 ",7.863613651,0.02%,0.0348719693,WILLIAMS COS INC
MENT,NASDAQ,MENT US Equity, 36.87 , 25.45 ," 2,791,996 "," 57,563,348 "," 4,069,277,488 ",7.858577148,0.02%,0.0272941434,MENTOR GRAPHICS CORP
DRE,NYSE,DRE US Equity, 27.03 , 25.49 ," 2,935,626 "," 70,365,589 "," 9,587,365,197 ",7.846922392,0.02%,0.0410456075,DUKE REALTY CORP
HBI,NYSE,HBI US Equity, 22.46 , 25.83 ," 5,239,295 "," 112,738,076 "," 8,488,648,743 ",7.741675791,0.02%,0.0483504819,HANESBRANDS INC
BRX,NYSE,BRX US Equity, 25.27 , 26.09 ," 1,795,702 "," 59,114,294 "," 7,690,194,879 ",7.666213356,0.02%,0.0491678760,BRIXMOR PROPERTY GROUP INC
SKX,NYSE,SKX US Equity, 25.03 , 26.35 ," 2,938,906 "," 77,480,974 "," 3,968,721,332 ",7.590190406,0.02%,0.0652119563,SKECHERS USA INC-CL A
BX,NYSE,BX US Equity, 30.51 , 26.41 ," 4,690,801 "," 114,877,629 "," 36,057,578,809 ",7.573964497,0.02%,0.0418843272,BLACKSTONE GROUP LP/THE
AR,NYSE,AR US Equity, 24.68 , 26.44 ," 3,336,289 "," 90,765,498 "," 7,747,972,539 ",7.563209531,0.02%,0.0475259416,ANTERO RESOURCES CORP
PWR,NYSE,PWR US Equity, 34.90 , 26.70 ," 2,147,039 "," 60,203,108 "," 5,289,145,465 ",7.489851041,0.02%,0.0396784891,QUANTA SERVICES INC
AMAT,NASDAQ,AMAT US Equity, 32.04 , 26.73 ," 11,667,680 "," 336,737,022 "," 34,493,307,093 ",7.482838531,0.02%,0.0319957837,APPLIED MATERIALS INC
DISCA,NASDAQ,DISCA US Equity, 27.48 , 26.76 ," 3,239,357 "," 89,113,751 "," 16,454,443,394 ",7.473450505,0.02%,0.0454944984,DISCOVERY COMMUNICATIONS-A
EPD,NYSE,EPD US Equity, 27.65 , 26.79 ," 4,927,828 "," 127,075,284 "," 58,181,057,115 ",7.46448292,0.02%,0.0388267799,ENTERPRISE PRODUCTS PARTNERS
WNR,NYSE,WNR US Equity, 36.27 , 26.92 ," 2,939,905 "," 82,659,592 "," 3,932,657,990 ",7.430151716,0.02%,0.0482268458,WESTERN REFINING INC
MOS,NYSE,MOS US Equity, 30.80 , 26.97 ," 5,256,109 "," 144,303,476 "," 10,787,347,309 ",7.415825519,0.02%,0.0383371355,MOSAIC CO/THE
SABR,NASDAQ,SABR US Equity, 24.86 , 27.20 ," 2,825,552 "," 75,792,112 "," 6,966,435,663 ",7.352975001,0.02%,0.0505783306,SABRE CORP
STLD,NASDAQ,STLD US Equity, 36.77 , 27.21 ," 3,620,577 "," 97,838,976 "," 8,965,086,228 ",7.349982038,0.02%,0.0354166932,STEEL DYNAMICS INC
CF,NYSE,CF US Equity, 33.47 , 27.23 ," 5,731,585 "," 164,318,307 "," 7,802,331,236 ",7.344341366,0.02%,0.0418295319,CF INDUSTRIES HOLDINGS INC
FOXA,NASDAQ,FOXA US Equity, 29.52 , 27.26 ," 11,393,910 "," 284,033,212 "," 54,234,382,244 ",7.337086673,0.02%,0.0352584175,TWENTY-FIRST CENTURY FOX-A
FOX,NASDAQ,FOX US Equity, 28.85 , 27.40 ," 4,247,282 "," 92,707,777 "," 54,234,382,244 ",7.299423119,0.02%,0.0365047622,TWENTY-FIRST CENTURY FOX - B
AXTA,NYSE,AXTA US Equity, 27.60 , 27.59 ," 2,254,752 "," 62,986,832 "," 6,636,762,433 ",7.248832338,0.02%,0.0405141052,AXALTA COATING SYSTEMS LTD
GGP,NYSE,GGP US Equity, 26.00 , 27.61 ," 4,300,411 "," 110,876,361 "," 23,029,983,236 ",7.243268738,0.02%,0.0437040195,GENERAL GROWTH PROPERTIES
BBL,NYSE,BBL US Equity, 32.48 , 27.68 ," 2,323,990 "," 71,948,712 "," 94,076,964,903 ",7.225746629,0.02%,0.0315539549,BHP BILLITON PLC-ADR
GME,NYSE,GME US Equity, 24.52 , 27.75 ," 2,461,651 "," 64,268,751 "," 2,497,964,653 ",7.206181432,0.02%,0.0570476906,GAMESTOP CORP-CLASS A
ETFC,NASDAQ,ETFC US Equity, 36.56 , 27.77 ," 3,343,313 "," 88,174,066 "," 10,010,576,957 ",7.201147925,0.02%,0.0362538955,E*TRADE FINANCIAL CORP
TSM,NYSE,TSM US Equity, 29.63 , 27.85 ," 6,176,777 "," 182,382,470 "," 153,663,434,606 ",7.180039608,0.02%,0.0347702107,TAIWAN SEMICONDUCTOR-SP ADR
HFC,NYSE,HFC US Equity, 32.01 , 27.86 ," 3,702,688 "," 100,113,638 "," 5,650,393,836 ",7.179420677,0.02%,0.0473568903,HOLLYFRONTIER CORP
EBAY,NASDAQ,EBAY US Equity, 31.05 , 27.89 ," 10,392,520 "," 296,687,026 "," 34,711,615,962 ",7.170739867,0.02%,0.0338000944,EBAY INC
CTL,NYSE,CTL US Equity, 25.38 , 27.96 ," 8,730,201 "," 184,617,632 "," 13,874,998,266 ",7.152180759,0.02%,0.0411616791,CENTURYLINK INC
GPOR,NASDAQ,GPOR US Equity, 21.61 , 28.02 ," 3,322,481 "," 85,953,380 "," 3,432,312,324 ",7.136574262,0.02%,0.0533674783,GULFPORT ENERGY CORP
PAA,NYSE,PAA US Equity, 32.55 , 28.02 ," 2,346,088 "," 70,090,480 "," 13,441,938,261 ",7.136561634,0.02%,0.0646988394,PLAINS ALL AMER PIPELINE LP
TDC,NYSE,TDC US Equity, 28.75 , 28.13 ," 1,696,049 "," 53,916,672 "," 3,734,625,000 ",7.109859885,0.02%,0.0516347450,TERADATA CORP
SBH,NYSE,SBH US Equity, 25.69 , 28.17 ," 2,097,059 "," 51,514,774 "," 3,688,156,642 ",7.099007903,0.02%,0.0557934164,SALLY BEAUTY HOLDINGS INC
KIM,NYSE,KIM US Equity, 25.88 , 28.49 ," 3,527,704 "," 88,315,957 "," 10,999,669,464 ",7.02088181,0.02%,0.0407925583,KIMCO REALTY CORP
TS,NYSE,TS US Equity, 36.09 , 28.49 ," 2,732,470 "," 75,401,569 "," 21,302,787,097 ",7.019452549,0.02%,0.0294670517,TENARIS SA-ADR
SU,NYSE,SU US Equity, 33.34 , 28.51 ," 3,684,976 "," 110,520,717 "," 55,566,644,340 ",7.014369083,0.02%,0.0313316754,SUNCOR ENERGY INC
CUBE,NYSE,CUBE US Equity, 27.35 , 28.58 ," 1,666,744 "," 54,354,515 "," 4,924,042,582 ",6.997876364,0.02%,0.0479983057,CUBESMART
TOL,NYSE,TOL US Equity, 31.24 , 28.93 ," 2,407,773 "," 74,352,530 "," 5,073,469,720 ",6.9129758,0.02%,0.0434843119,TOLL BROTHERS INC
GXP,NYSE,GXP US Equity, 28.02 , 28.95 ," 4,080,888 "," 88,209,434 "," 6,032,565,956 ",6.90948922,0.02%,0.0381373541,GREAT PLAINS ENERGY INC
CBG,NYSE,CBG US Equity, 31.20 , 28.95 ," 2,577,782 "," 75,956,158 "," 10,523,116,406 ",6.907782745,0.02%,0.0368112131,CBRE GROUP INC - A
ZAYO,NYSE,ZAYO US Equity, 30.75 , 29.32 ," 3,203,540 "," 78,277,369 "," 7,475,924,871 ",6.821200824,0.02%,0.0432491549,ZAYO GROUP HOLDINGS INC
CSX,NASDAQ,CSX US Equity, 37.52 , 29.42 ," 8,232,505 "," 221,839,551 "," 35,143,524,922 ",6.798922548,0.02%,0.0282699489,CSX CORP
MUR,NYSE,MUR US Equity, 31.40 , 29.58 ," 3,190,035 "," 101,434,019 "," 5,407,082,355 ",6.760273824,0.02%,0.0456221554,MURPHY OIL CORP
FTI,NYSE,FTI US Equity, 36.40 , 29.59 ," 3,607,732 "," 104,611,747 "," 8,215,553,783 ",6.758583181,0.02%,0.0287403504,FMC TECHNOLOGIES INC
SYF,NYSE,SYF US Equity, 37.13 , 29.62 ," 7,049,864 "," 223,222,803 "," 30,649,544,820 ",6.752764343,0.02%,0.0286883356,SYNCHRONY FINANCIAL
GT,NASDAQ,GT US Equity, 31.84 , 29.68 ," 3,308,016 "," 97,171,417 "," 8,311,912,300 ",6.739395878,0.02%,0.0413589971,GOODYEAR TIRE & RUBBER CO
VOD,NASDAQ,VOD US Equity, 26.23 , 29.73 ," 5,924,674 "," 149,234,232 "," 69,818,871,099 ",6.726527244,0.02%,0.0394790205,VODAFONE GROUP PLC-SP ADR
CSCO,NASDAQ,CSCO US Equity, 30.23 , 29.74 ," 21,507,174 "," 673,550,789 "," 151,747,312,575 ",6.725356785,0.02%,0.0331622253,CISCO SYSTEMS INC
AZN,NYSE,AZN US Equity, 28.43 , 29.96 ," 6,609,622 "," 178,640,364 "," 71,940,945,049 ",6.674821007,0.02%,0.0359879337,ASTRAZENECA PLC-SPONS ADR
IVZ,NYSE,IVZ US Equity, 31.53 , 29.98 ," 3,638,092 "," 117,282,986 "," 12,881,123,716 ",6.670124151,0.02%,0.0358911378,INVESCO LTD
NTAP,NASDAQ,NTAP US Equity, 35.23 , 30.04 ," 3,358,952 "," 100,857,867 "," 9,701,553,799 ",6.658504319,0.02%,0.0389639319,NETAPP INC
DHI,NYSE,DHI US Equity, 27.85 , 30.35 ," 4,398,916 "," 118,871,015 "," 10,394,336,692 ",6.589221331,0.02%,0.0392918367,DR HORTON INC
PE,NYSE,PE US Equity, 36.61 , 30.39 ," 3,052,619 "," 93,978,695 "," 7,600,206,346 ",6.581762126,0.02%,0.0434505932,PARSLEY ENERGY INC-CLASS A
ZION,NASDAQ,ZION US Equity, 43.37 , 30.67 ," 3,126,271 "," 98,110,888 "," 8,835,250,614 ",6.521242816,0.02%,0.0303314663,ZIONS BANCORPORATION
GE,NYSE,GE US Equity, 31.61 , 30.67 ," 32,649,956 "," 999,552,488 "," 279,634,387,900 ",6.520690077,0.02%,0.0317017454,GENERAL ELECTRIC CO
CNQ,NYSE,CNQ US Equity, 32.58 , 30.69 ," 2,475,063 "," 78,729,488 "," 36,106,512,859 ",6.517728054,0.02%,0.0355466914,CANADIAN NATURAL RESOURCES
WFM,NASDAQ,WFM US Equity, 30.71 , 30.69 ," 5,177,569 "," 173,706,290 "," 9,780,850,226 ",6.517587883,0.02%,0.0344082619,WHOLE FOODS MARKET INC
WY,NYSE,WY US Equity, 30.85 , 31.05 ," 3,760,047 "," 130,771,026 "," 23,077,599,450 ",6.441306688,0.02%,0.0356972547,WEYERHAEUSER CO
LBTYK,NASDAQ,LBTYK US Equity, 32.10 , 31.06 ," 2,820,938 "," 118,482,625 "," 29,426,426,047 ",6.440151499,0.02%,0.0404348057,LIBERTY GLOBAL PLC-SERIES C
VOYA,NYSE,VOYA US Equity, 39.45 , 31.18 ," 1,795,831 "," 62,403,609 "," 7,677,822,593 ",6.41401853,0.02%,0.0421057156,VOYA FINANCIAL INC
SCHW,NYSE,SCHW US Equity, 41.23 , 31.25 ," 8,817,315 "," 282,966,302 "," 54,657,462,126 ",6.399457468,0.02%,0.0260394902,SCHWAB (CHARLES) CORP
COMM,NASDAQ,COMM US Equity, 36.98 , 31.30 ," 2,022,030 "," 56,942,439 "," 7,134,549,884 ",6.389062085,0.02%,0.0446554962,COMMSCOPE HOLDING CO INC
MS,NYSE,MS US Equity, 43.85 , 31.32 ," 11,960,540 "," 407,036,639 "," 82,123,213,523 ",6.386409779,0.02%,0.0241529382,MORGAN STANLEY
STX,NASDAQ,STX US Equity, 38.49 , 31.53 ," 4,488,802 "," 165,667,788 "," 11,336,181,764 ",6.343004328,0.02%,0.0356323586,SEAGATE TECHNOLOGY
BHP,NYSE,BHP US Equity, 36.96 , 31.60 ," 3,320,269 "," 125,359,536 "," 93,525,134,631 ",6.328763555,0.02%,0.0281018683,BHP BILLITON LTD-SPON ADR
MAT,NASDAQ,MAT US Equity, 30.47 , 31.61 ," 3,790,229 "," 109,477,722 "," 10,422,119,651 ",6.32724174,0.02%,0.0402873211,MATTEL INC
URBN,NASDAQ,URBN US Equity, 27.42 , 31.68 ," 2,617,898 "," 79,690,491 "," 3,187,130,275 ",6.31247376,0.02%,0.0579586742,URBAN OUTFITTERS INC
GM,NYSE,GM US Equity, 35.99 , 31.80 ," 13,914,045 "," 498,622,257 "," 54,861,140,164 ",6.289832343,0.02%,0.0284673492,GENERAL MOTORS CO
YELP,NYSE,YELP US Equity, 39.31 , 31.92 ," 2,187,364 "," 79,945,282 "," 3,084,161,102 ",6.265026235,0.02%,0.0577286024,YELP INC
LBTYA,NASDAQ,LBTYA US Equity, 33.34 , 31.96 ," 2,489,131 "," 97,815,391 "," 29,426,426,047 ",6.257168593,0.02%,0.0402182674,LIBERTY GLOBAL PLC-A
HCP,NYSE,HCP US Equity, 31.22 , 32.07 ," 3,943,922 "," 129,932,412 "," 14,610,059,803 ",6.235434611,0.02%,0.0378530809,HCP INC
CA,NASDAQ,CA US Equity, 33.19 , 32.28 ," 2,430,676 "," 80,772,861 "," 13,868,010,561 ",6.194841988,0.02%,0.0394946102,CA INC
LM,NYSE,LM US Equity, 31.52 , 32.41 ," 1,754,284 "," 51,653,222 "," 3,183,732,413 ",6.170154223,0.02%,0.0521999541,LEGG MASON INC
MAS,NYSE,MAS US Equity, 32.53 , 32.70 ," 3,850,129 "," 122,949,551 "," 10,679,831,947 ",6.115974502,0.02%,0.0332049897,MASCO CORP
FTNT,NASDAQ,FTNT US Equity, 31.01 , 32.73 ," 2,438,750 "," 66,515,465 "," 5,365,954,833 ",6.110942427,0.02%,0.0440278436,FORTINET INC
RIO,NYSE,RIO US Equity, 38.39 , 32.78 ," 3,640,602 "," 132,585,744 "," 71,400,563,097 ",6.100695074,0.02%,0.0270542468,RIO TINTO PLC-SPON ADR
PGR,NYSE,PGR US Equity, 36.03 , 33.01 ," 2,987,860 "," 95,343,264 "," 20,925,541,051 ",6.058182998,0.02%,0.0303268863,PROGRESSIVE CORP
LKQ,NASDAQ,LKQ US Equity, 31.67 , 33.17 ," 1,987,173 "," 76,166,487 "," 9,738,860,639 ",6.030412701,0.02%,0.0381414717,LKQ CORP
OHI,NYSE,OHI US Equity, 32.67 , 33.29 ," 2,319,072 "," 67,219,141 "," 6,375,311,519 ",6.007990363,0.02%,0.0382928199,OMEGA HEALTHCARE INVESTORS
FE,NYSE,FE US Equity, 31.13 , 33.32 ," 4,401,581 "," 138,706,242 "," 13,253,388,369 ",6.002572132,0.02%,0.0339316512,FIRSTENERGY CORP
PFE,NYSE,PFE US Equity, 33.48 , 33.59 ," 24,005,280 "," 808,245,405 "," 203,168,529,819 ",5.953594512,0.01%,0.0304226246,PFIZER INC
CBI,NYSE,CBI US Equity, 33.16 , 33.63 ," 1,743,432 "," 58,089,673 "," 3,318,854,545 ",5.94715925,0.01%,0.0628526423,CHICAGO BRIDGE & IRON CO NV
AMTD,NASDAQ,AMTD US Equity, 46.85 , 33.63 ," 2,730,471 "," 92,547,329 "," 24,715,374,464 ",5.946929894,0.01%,0.0277395021,TD AMERITRADE HOLDING CORP
BP,NYSE,BP US Equity, 37.91 , 33.95 ," 5,629,005 "," 246,376,004 "," 123,038,705,763 ",5.890348259,0.01%,0.0264821150,BP PLC-SPONS ADR
KR,NYSE,KR US Equity, 33.11 , 34.05 ," 10,266,612 "," 316,010,783 "," 31,061,307,327 ",5.874362186,0.01%,0.0311611019,KROGER CO
NOV,NYSE,NOV US Equity, 38.99 , 34.05 ," 3,890,314 "," 149,299,176 "," 14,725,884,422 ",5.873292822,0.01%,0.0340253840,NATIONAL OILWELL VARCO INC
INTC,NASDAQ,INTC US Equity, 36.48 , 34.17 ," 21,082,962 "," 737,273,040 "," 172,878,720,000 ",5.8528735,0.01%,0.0276082057,INTEL CORP
EXC,NYSE,EXC US Equity, 36.08 , 34.44 ," 5,811,447 "," 185,283,501 "," 33,254,746,291 ",5.807201161,0.01%,0.0294909635,EXELON CORP
XL,NYSE,XL US Equity, 37.39 , 34.65 ," 2,114,832 "," 81,920,622 "," 10,060,148,240 ",5.772405881,0.01%,0.0367594406,XL GROUP LTD
CAA,NYSE,CAA US Equity, 33.42 , 34.88 ," 1,544,263 "," 51,912,753 "," 3,886,887,701 ",5.733534057,0.01%,0.0663092395,CALATLANTIC GROUP INC
BWA,NYSE,BWA US Equity, 41.10 , 35.00 ," 2,713,690 "," 85,062,311 "," 8,753,710,544 ",5.71365737,0.01%,0.0413342733,BORGWARNER INC
FNF,NYSE,FNF US Equity, 34.44 , 35.18 ," 1,674,052 "," 51,354,984 "," 9,365,979,146 ",5.68579181,0.01%,0.0435055178,FNF GROUP
INFO,NASDAQ,INFO US Equity, 36.66 , 35.22 ," 2,325,969 "," 60,205,162 "," 15,468,569,541 ",5.679071293,0.01%,0.0365120033,IHS MARKIT LTD
HDS,NASDAQ,HDS US Equity, 42.04 , 35.27 ," 2,657,838 "," 74,506,883 "," 8,433,659,324 ",5.670742636,0.01%,0.0391042491,HD SUPPLY HOLDINGS INC
ARMK,NYSE,ARMK US Equity, 34.92 , 35.30 ," 1,687,346 "," 58,689,675 "," 8,585,006,957 ",5.666043348,0.01%,0.0397178448,ARAMARK
HSBC,NYSE,HSBC US Equity, 41.15 , 35.30 ," 2,285,825 "," 93,523,057 "," 163,495,098,016 ",5.666019467,0.01%,0.0249969826,HSBC HOLDINGS PLC-SPONS ADR
UDR,NYSE,UDR US Equity, 36.43 , 35.59 ," 1,735,627 "," 61,293,528 "," 9,735,859,139 ",5.619216338,0.01%,0.0362786874,UDR INC
CIT,NYSE,CIT US Equity, 43.48 , 35.65 ," 1,976,100 "," 65,499,082 "," 8,785,643,890 ",5.610373489,0.01%,0.0499455178,CIT GROUP INC
NBL,NYSE,NBL US Equity, 38.14 , 35.74 ," 3,684,660 "," 144,312,438 "," 16,388,827,110 ",5.596667755,0.01%,0.0343356646,NOBLE ENERGY INC
PPL,NYSE,PPL US Equity, 34.56 , 35.89 ," 4,659,858 "," 166,723,617 "," 23,434,930,990 ",5.572481705,0.01%,0.0306863111,PPL CORP
UNM,NYSE,UNM US Equity, 44.88 , 35.92 ," 1,745,277 "," 64,214,984 "," 10,417,505,702 ",5.567990512,0.01%,0.0328250062,UNUM GROUP
IRM,NYSE,IRM US Equity, 33.50 , 35.97 ," 1,675,379 "," 72,403,756 "," 8,825,502,640 ",5.560490785,0.01%,0.0374570563,IRON MOUNTAIN INC
NEM,NYSE,NEM US Equity, 35.42 , 35.99 ," 7,817,117 "," 276,490,558 "," 18,799,167,621 ",5.55779406,0.01%,0.0304158187,NEWMONT MINING CORP
CAG,NYSE,CAG US Equity, 38.74 , 36.31 ," 3,447,866 "," 131,564,541 "," 16,860,128,763 ",5.508518384,0.01%,0.0281320331,CONAGRA BRANDS INC
BBY,NYSE,BBY US Equity, 42.77 , 36.33 ," 5,265,274 "," 200,048,703 "," 13,422,346,446 ",5.504895406,0.01%,0.0328944818,BEST BUY CO INC
BEN,NYSE,BEN US Equity, 40.75 , 36.52 ," 2,949,674 "," 110,249,317 "," 23,087,286,707 ",5.476241259,0.01%,0.0322083166,FRANKLIN RESOURCES INC
ETP,NYSE,ETP US Equity, 37.44 , 36.76 ," 3,668,299 "," 132,144,255 "," 20,317,501,489 ",5.440851926,0.01%,0.0679074075,ENERGY TRANSFER PARTNERS LP
RSPP,NYSE,RSPP US Equity, 45.94 , 36.84 ," 2,027,712 "," 64,330,896 "," 6,519,969,771 ",5.428748964,0.01%,0.0523154110,RSP PERMIAN INC
CCE,NYSE,CCE US Equity, 31.93 , 36.90 ," 2,030,186 "," 135,294,824 "," 15,400,601,201 ",5.420650224,0.01%,0.0426757408,COCA-COLA EUROPEAN PARTNERS
HOLX,NASDAQ,HOLX US Equity, 39.88 , 36.98 ," 2,511,471 "," 101,667,234 "," 11,095,249,135 ",5.408701596,0.01%,0.0394858235,HOLOGIC INC
HRL,NYSE,HRL US Equity, 36.34 , 37.04 ," 2,530,079 "," 103,398,130 "," 19,216,653,451 ",5.400275345,0.01%,0.0326959881,HORMEL FOODS CORP
SE,NYSE,SE US Equity, 42.49 , 37.04 ," 4,818,381 "," 168,648,144 "," 29,807,586,670 ",5.399509512,0.01%,0.0289331269,SPECTRA ENERGY CORP
M,NYSE,M US Equity, 30.82 , 37.07 ," 6,431,205 "," 251,878,947 "," 9,420,751,095 ",5.39485634,0.01%,0.0346379778,MACY'S INC
SERV,NYSE,SERV US Equity, 37.48 , 37.37 ," 1,233,066 "," 50,827,449 "," 5,050,726,242 ",5.351342618,0.01%,0.0513741857,SERVICEMASTER GLOBAL HOLDING
ST,NYSE,ST US Equity, 39.87 , 37.53 ," 1,258,382 "," 52,736,522 "," 6,812,197,490 ",5.329219213,0.01%,0.0555993493,SENSATA TECHNOLOGIES HOLDING
LNT,NYSE,LNT US Equity, 37.80 , 37.73 ," 1,237,174 "," 61,038,505 "," 8,599,516,178 ",5.300375827,0.01%,0.0394710624,ALLIANT ENERGY CORP
AAL,NASDAQ,AAL US Equity, 46.21 , 37.79 ," 7,378,326 "," 329,050,788 "," 23,942,563,459 ",5.292717284,0.01%,0.0318702155,AMERICAN AIRLINES GROUP INC
BBT,NYSE,BBT US Equity, 47.04 , 38.28 ," 5,262,250 "," 183,412,001 "," 38,169,399,119 ",5.224946937,0.01%,0.0220123369,BB&T CORP
MXIM,NASDAQ,MXIM US Equity, 39.74 , 38.39 ," 1,960,162 "," 71,119,606 "," 11,257,483,258 ",5.209194742,0.01%,0.0403554267,MAXIM INTEGRATED PRODUCTS
COH,NYSE,COH US Equity, 35.54 , 38.49 ," 3,370,682 "," 138,824,331 "," 9,964,178,782 ",5.196681501,0.01%,0.0337007201,COACH INC
RRC,NYSE,RRC US Equity, 34.23 , 38.79 ," 4,580,693 "," 161,452,479 "," 8,459,783,414 ",5.155901489,0.01%,0.0406563299,RANGE RESOURCES CORP
PYPL,NASDAQ,PYPL US Equity, 41.45 , 38.99 ," 8,199,050 "," 324,676,724 "," 50,015,473,218 ",5.129997483,0.01%,0.0257961026,PAYPAL HOLDINGS INC
ATVI,NASDAQ,ATVI US Equity, 37.91 , 39.33 ," 8,729,487 "," 353,941,156 "," 28,175,218,895 ",5.08516069,0.01%,0.0291204872,ACTIVISION BLIZZARD INC
DVN,NYSE,DVN US Equity, 48.67 , 39.37 ," 5,428,378 "," 272,025,219 "," 25,483,612,000 ",5.079919731,0.01%,0.0302131955,DEVON ENERGY CORP
AER,NYSE,AER US Equity, 43.60 , 39.43 ," 1,709,608 "," 79,966,118 "," 8,045,856,582 ",5.072318718,0.01%,0.0576955549,AERCAP HOLDINGS NV
YHOO,NASDAQ,YHOO US Equity, 41.23 , 39.55 ," 10,567,339 "," 447,363,451 "," 39,338,552,393 ",5.056583334,0.01%,0.0254855930,YAHOO! INC
VIAB,NASDAQ,VIAB US Equity, 37.79 , 39.81 ," 4,128,473 "," 155,733,212 "," 15,166,579,100 ",5.023869436,0.01%,0.0350498485,VIACOM INC-CLASS B
ORCL,NYSE,ORCL US Equity, 38.45 , 39.93 ," 12,771,486 "," 506,043,139 "," 157,735,472,850 ",5.008803104,0.01%,0.0261087175,ORACLE CORP
T,NYSE,T US Equity, 41.32 , 40.13 ," 23,767,316 "," 886,010,858 "," 253,746,120,000 ",4.983250174,0.01%,0.0238611881,AT&T INC
SNY,NYSE,SNY US Equity, 40.32 , 40.18 ," 2,422,263 "," 90,544,709 "," 104,094,678,885 ",4.977229343,0.01%,0.0306713496,SANOFI-ADR
JCI,NYSE,JCI US Equity, 42.79 , 40.21 ," 6,531,485 "," 213,953,196 "," 40,082,167,713 ",4.974068882,0.01%,0.0258977158,JOHNSON CONTROLS INTERNATION
TXT,NYSE,TXT US Equity, 49.86 , 40.41 ," 1,344,915 "," 58,423,966 "," 13,472,576,464 ",4.948828994,0.01%,0.0328480188,TEXTRON INC
MBLY,NYSE,MBLY US Equity, 41.68 , 40.62 ," 3,214,379 "," 140,710,103 "," 9,137,440,546 ",4.923804194,0.01%,0.0520000754,MOBILEYE NV
MGA,NYSE,MGA US Equity, 45.06 , 40.69 ," 1,386,241 "," 58,274,277 "," 17,273,948,138 ",4.91507359,0.01%,0.0356474390,MAGNA INTERNATIONAL INC
LDOS,NYSE,LDOS US Equity, 50.66 , 40.76 ," 1,630,242 "," 96,964,823 "," 7,617,427,879 ",4.907369984,0.01%,0.0460221427,LEIDOS HOLDINGS INC
ABT,NYSE,ABT US Equity, 40.78 , 40.77 ," 8,797,585 "," 401,157,803 "," 70,394,436,000 ",4.905989159,0.01%,0.0258369379,ABBOTT LABORATORIES
RHI,NYSE,RHI US Equity, 48.30 , 40.89 ," 1,313,782 "," 53,590,354 "," 6,225,209,836 ",4.891703619,0.01%,0.0446182510,ROBERT HALF INTL INC
MPC,NYSE,MPC US Equity, 50.37 , 40.99 ," 6,095,954 "," 250,998,183 "," 26,586,051,070 ",4.879358065,0.01%,0.0312115914,MARATHON PETROLEUM CORP
XEL,NYSE,XEL US Equity, 40.92 , 41.38 ," 2,949,094 "," 126,382,466 "," 20,785,428,371 ",4.833784269,0.01%,0.0263944178,XCEL ENERGY INC
NFX,NYSE,NFX US Equity, 42.97 , 41.40 ," 2,763,174 "," 122,421,144 "," 8,546,070,446 ",4.830725407,0.01%,0.0405586362,NEWFIELD EXPLORATION CO
BK,NYSE,BK US Equity, 48.17 , 41.61 ," 6,020,586 "," 233,535,308 "," 50,931,905,034 ",4.806635087,0.01%,0.0226092802,BANK OF NEW YORK MELLON CORP
ENB,NYSE,ENB US Equity, 43.61 , 41.71 ," 2,699,295 "," 77,423,106 "," 40,950,553,131 ",4.795478628,0.01%,0.0273681148,ENBRIDGE INC
GSK,NYSE,GSK US Equity, 39.38 , 41.76 ," 3,559,064 "," 159,191,987 "," 96,680,068,105 ",4.789490104,0.01%,0.0257952153,GLAXOSMITHKLINE PLC-SPON ADR
MYL,NASDAQ,MYL US Equity, 38.50 , 42.02 ," 6,466,926 "," 218,059,828 "," 20,601,552,241 ",4.759332313,0.01%,0.0355009508,MYLAN NV
TTWO,NASDAQ,TTWO US Equity, 49.95 , 42.06 ," 1,642,425 "," 68,487,000 "," 4,323,687,834 ",4.755377268,0.01%,0.0688077472,TAKE-TWO INTERACTIVE SOFTWRE
LUV,NYSE,LUV US Equity, 49.93 , 42.10 ," 7,051,214 "," 290,036,363 "," 30,736,795,058 ",4.750441621,0.01%,0.0274306822,SOUTHWEST AIRLINES CO
BERY,NYSE,BERY US Equity, 50.13 , 42.16 ," 1,427,658 "," 62,979,937 "," 6,128,955,861 ",4.743878104,0.01%,0.0636236305,BERRY PLASTICS GROUP INC
CMS,NYSE,CMS US Equity, 42.15 , 42.18 ," 1,917,102 "," 83,713,172 "," 11,798,118,449 ",4.74144858,0.01%,0.0299533204,CMS ENERGY CORP
DAL,NYSE,DAL US Equity, 49.68 , 42.29 ," 9,418,162 "," 424,497,490 "," 36,583,589,412 ",4.729261403,0.01%,0.0230851189,DELTA AIR LINES INC
ADM,NYSE,ADM US Equity, 44.72 , 42.36 ," 3,017,965 "," 136,612,713 "," 25,731,873,466 ",4.720983745,0.01%,0.0304210604,ARCHER-DANIELS-MIDLAND CO
HAIN,NASDAQ,HAIN US Equity, 40.02 , 42.46 ," 1,600,694 "," 77,949,368 "," 4,139,996,364 ",4.710498516,0.01%,0.0591964543,HAIN CELESTIAL GROUP INC
NCLH,NASDAQ,NCLH US Equity, 44.25 , 42.47 ," 1,923,490 "," 70,714,989 "," 10,052,713,319 ",4.709722039,0.01%,0.0648164953,NORWEGIAN CRUISE LINE HOLDIN
AIV,NYSE,AIV US Equity, 45.45 , 43.18 ," 1,456,871 "," 56,066,873 "," 7,130,559,622 ",4.631682689,0.01%,0.0454800044,APARTMENT INVT & MGMT CO -A
MDLZ,NASDAQ,MDLZ US Equity, 45.06 , 43.45 ," 8,630,460 "," 346,643,205 "," 69,591,191,517 ",4.603161601,0.01%,0.0249364737,MONDELEZ INTERNATIONAL INC-A
KO,NYSE,KO US Equity, 41.74 , 43.58 ," 13,113,305 "," 536,348,341 "," 180,022,926,024 ",4.589076959,0.01%,0.0241308296,COCA-COLA CO/THE
WRK,NYSE,WRK US Equity, 52.49 , 43.69 ," 1,645,174 "," 78,013,287 "," 13,149,849,180 ",4.577870992,0.01%,0.0620400385,WESTROCK CO
FSLR,NASDAQ,FSLR US Equity, 33.32 , 43.75 ," 3,250,205 "," 118,430,209 "," 3,462,383,359 ",4.571446907,0.01%,0.0621502412,FIRST SOLAR INC
PEG,NYSE,PEG US Equity, 44.20 , 43.79 ," 2,827,264 "," 125,613,584 "," 22,360,612,836 ",4.566960685,0.01%,0.0266823555,PUBLIC SERVICE ENTERPRISE GP
KSS,NYSE,KSS US Equity, 41.43 , 43.79 ," 4,077,526 "," 176,295,724 "," 7,311,274,567 ",4.566799176,0.01%,0.0449486019,KOHLS CORP
CTRP,NASDAQ,CTRP US Equity, 42.50 , 43.93 ," 4,568,589 "," 196,426,901 "," 21,149,468,588 ",4.552466972,0.01%,0.0375325499,CTRIP.COM INTERNATIONAL-ADR
USB,NYSE,USB US Equity, 51.30 , 43.94 ," 7,403,056 "," 316,463,102 "," 87,193,398,038 ",4.551920341,0.01%,0.0200428956,US BANCORP
COP,NYSE,COP US Equity, 50.74 , 43.95 ," 7,908,530 "," 354,443,991 "," 62,868,250,733 ",4.550760323,0.01%,0.0237297940,CONOCOPHILLIPS
UN,NYSE,UN US Equity, 41.07 , 44.07 ," 2,316,932 "," 93,254,251 "," 122,382,485,893 ",4.538208732,0.01%,0.0247643008,UNILEVER N V  -NY SHARES
FAST,NASDAQ,FAST US Equity, 46.51 , 44.22 ," 2,603,224 "," 112,899,560 "," 13,442,881,762 ",4.522999023,0.01%,0.0309916540,FASTENAL CO
TRGP,NYSE,TRGP US Equity, 59.41 , 44.24 ," 2,082,833 "," 99,960,072 "," 10,742,959,339 ",4.52083642,0.01%,0.0646702271,TARGA RESOURCES CORP
HIG,NYSE,HIG US Equity, 48.45 , 44.24 ," 2,719,663 "," 118,762,172 "," 18,301,230,081 ",4.520754948,0.01%,0.0320724984,HARTFORD FINANCIAL SVCS GRP
BBBY,NASDAQ,BBBY US Equity, 40.61 , 44.46 ," 2,517,033 "," 105,355,440 "," 6,104,300,556 ",4.498637936,0.01%,0.0400946681,BED BATH & BEYOND INC
STI,NYSE,STI US Equity, 55.53 , 44.55 ," 3,856,565 "," 172,899,518 "," 27,253,999,280 ",4.489841533,0.01%,0.0203733754,SUNTRUST BANKS INC
MCHI,NASDAQ,MCHI US Equity, 45.34 , 44.62 ," 1,521,996 "," 61,896,332 "," 2,121,912,109 ",4.482257105,0.01%,0.0235634927,ISHARES MSCI CHINA ETF
UL,NYSE,UL US Equity, 40.94 , 44.62 ," 1,714,966 "," 65,596,093 "," 122,857,181,073 ",4.482219552,0.01%,0.0253805006,UNILEVER PLC-SPONSORED ADR
TD,NYSE,TD US Equity, 50.87 , 44.76 ," 1,290,665 "," 61,174,717 "," 94,498,410,917 ",4.468734338,0.01%,0.0215459866,TORONTO-DOMINION BANK
HAL,NYSE,HAL US Equity, 56.66 , 44.84 ," 8,309,523 "," 400,100,775 "," 48,979,862,502 ",4.459810809,0.01%,0.0198676940,HALLIBURTON CO
AOS,NYSE,AOS US Equity, 47.72 , 44.96 ," 1,202,519 "," 57,210,604 "," 8,299,138,572 ",4.448222791,0.01%,0.0570511019,SMITH (A.O.) CORP
A,NYSE,A US Equity, 47.99 , 44.96 ," 1,948,068 "," 92,009,897 "," 15,440,680,809 ",4.44796806,0.01%,0.0295962369,AGILENT TECHNOLOGIES INC
LEN,NYSE,LEN US Equity, 43.69 , 45.05 ," 2,588,643 "," 106,914,215 "," 9,691,037,496 ",4.439393316,0.01%,0.0414797136,LENNAR CORP-A
PDCO,NASDAQ,PDCO US Equity, 42.43 , 45.47 ," 1,497,951 "," 56,943,279 "," 4,154,278,870 ",4.398652,0.01%,0.0447657670,PATTERSON COS INC
CLR,NYSE,CLR US Equity, 51.49 , 45.52 ," 2,907,489 "," 149,347,651 "," 19,284,558,659 ",4.394112375,0.01%,0.0431669254,CONTINENTAL RESOURCES INC/OK
BAX,NYSE,BAX US Equity, 45.52 , 45.61 ," 4,100,669 "," 280,792,813 "," 24,759,235,487 ",4.384936116,0.01%,0.0269548142,BAXTER INTERNATIONAL INC
IP,NYSE,IP US Equity, 53.72 , 45.81 ," 2,796,596 "," 130,381,856 "," 22,090,384,493 ",4.365873394,0.01%,0.0298231527,INTERNATIONAL PAPER CO
MET,NYSE,MET US Equity, 54.18 , 45.88 ," 6,736,451 "," 321,037,364 "," 59,551,156,893 ",4.35956862,0.01%,0.0222287544,METLIFE INC
OKE,NYSE,OKE US Equity, 57.90 , 46.26 ," 1,876,502 "," 104,309,351 "," 12,189,222,121 ",4.32375872,0.01%,0.0385959535,ONEOK INC
TMUS,NASDAQ,TMUS US Equity, 56.77 , 46.40 ," 3,745,983 "," 169,422,420 "," 46,779,355,904 ",4.310368074,0.01%,0.0301240447,T-MOBILE US INC
GRMN,NASDAQ,GRMN US Equity, 49.04 , 46.75 ," 1,229,615 "," 61,760,199 "," 9,241,391,840 ",4.277653915,0.01%,0.0425712815,GARMIN LTD
FLS,NYSE,FLS US Equity, 48.86 , 46.84 ," 1,184,637 "," 57,765,139 "," 6,373,888,482 ",4.269554036,0.01%,0.0622345376,FLOWSERVE CORP
NVO,NYSE,NVO US Equity, 36.64 , 46.91 ," 3,936,781 "," 121,777,734 "," 93,431,999,052 ",4.263142497,0.01%,0.0293967010,NOVO-NORDISK A/S-SPONS ADR
SEE,NYSE,SEE US Equity, 47.18 , 46.95 ," 1,764,114 "," 84,881,249 "," 9,120,248,794 ",4.259528975,0.01%,0.0364273596,SEALED AIR CORP
NNN,NYSE,NNN US Equity, 45.80 , 47.15 ," 1,217,849 "," 52,824,184 "," 6,738,283,643 ",4.241619778,0.01%,0.0464519964,NATIONAL RETAIL PROPERTIES
XYL,NYSE,XYL US Equity, 49.58 , 47.58 ," 1,297,739 "," 59,458,707 "," 8,894,395,969 ",4.203835609,0.01%,0.0383102111,XYLEM INC
CHD,NYSE,CHD US Equity, 44.87 , 47.63 ," 1,769,247 "," 86,305,813 "," 11,603,548,423 ",4.19903211,0.01%,0.0309667254,CHURCH & DWIGHT CO INC
AME,NYSE,AME US Equity, 50.07 , 47.79 ," 2,099,870 "," 88,059,588 "," 11,587,799,038 ",4.184997904,0.01%,0.0324688558,AMETEK INC
AEM,NYSE,AEM US Equity, 44.89 , 47.89 ," 2,098,175 "," 105,024,291 "," 10,113,354,064 ",4.17639861,0.01%,0.0550117052,AGNICO EAGLE MINES LTD
AN,NYSE,AN US Equity, 50.33 , 47.90 ," 939,332 "," 53,041,613 "," 5,085,549,452 ",4.175130132,0.01%,0.0651898804,AUTONATION INC
HLT,NYSE,HLT US Equity, 57.47 , 47.93 ," 2,902,790 "," 190,554,348 "," 18,960,946,758 ",4.172983725,0.01%,0.0285873563,HILTON WORLDWIDE HOLDINGS IN
PF,NYSE,PF US Equity, 53.27 , 47.93 ," 1,163,369 "," 55,898,690 "," 6,289,620,969 ",4.172838917,0.01%,0.0421180287,PINNACLE FOODS INC
TOT,NYSE,TOT US Equity, 51.15 , 47.95 ," 1,850,137 "," 86,956,026 "," 124,280,370,733 ",4.170924467,0.01%,0.0274239213,TOTAL SA-SPON ADR
C,NYSE,C US Equity, 60.55 , 47.96 ," 20,425,456 "," 986,036,418 "," 172,551,166,516 ",4.170006871,0.01%,0.0172364386,CITIGROUP INC
DNKN,NASDAQ,DNKN US Equity, 51.47 , 48.25 ," 1,244,553 "," 67,216,095 "," 4,721,581,818 ",4.145142281,0.01%,0.0501228787,DUNKIN' BRANDS GROUP INC
PFG,NYSE,PFG US Equity, 58.86 , 48.28 ," 1,612,468 "," 75,735,762 "," 16,932,889,887 ",4.142373221,0.01%,0.0441023875,PRINCIPAL FINANCIAL GROUP
SPR,NYSE,SPR US Equity, 59.78 , 48.31 ," 1,200,079 "," 61,139,898 "," 7,272,326,849 ",4.13982261,0.01%,0.0469503885,SPIRIT AEROSYSTEMS HOLD-CL A
BC,NYSE,BC US Equity, 55.30 , 48.34 ," 1,045,007 "," 50,804,075 "," 4,959,829,461 ",4.137180786,0.01%,0.0713758926,BRUNSWICK CORP
TEVA,NYSE,TEVA US Equity, 35.10 , 48.40 ," 8,776,515 "," 342,477,072 "," 35,626,500,000 ",4.131864259,0.01%,0.0339210934,TEVA PHARMACEUTICAL-SP ADR
FMC,NYSE,FMC US Equity, 58.32 , 48.43 ," 944,996 "," 56,260,157 "," 7,805,478,524 ",4.129923124,0.01%,0.0596924352,FMC CORP
MNST,NASDAQ,MNST US Equity, 45.62 , 48.50 ," 3,037,699 "," 170,366,795 "," 26,047,863,898 ",4.123877087,0.01%,0.0404152926,MONSTER BEVERAGE CORP
CCL,NYSE,CCL US Equity, 53.65 , 48.58 ," 4,307,456 "," 184,728,485 "," 38,625,151,403 ",4.116573218,0.01%,0.0239859129,CARNIVAL CORP
CSC,NYSE,CSC US Equity, 59.93 , 48.61 ," 1,779,022 "," 90,987,617 "," 8,439,052,119 ",4.114548901,0.01%,0.0618064206,COMPUTER SCIENCES CORP
AJG,NYSE,AJG US Equity, 53.14 , 48.65 ," 1,021,340 "," 63,200,456 "," 9,455,784,740 ",4.111326576,0.01%,0.0337702727,ARTHUR J GALLAGHER & CO
JWN,NYSE,JWN US Equity, 45.47 , 48.72 ," 3,254,685 "," 181,160,895 "," 7,881,866,878 ",4.105136494,0.01%,0.0476102908,NORDSTROM INC
NWL,NYSE,NWL US Equity, 46.86 , 48.78 ," 4,092,756 "," 205,663,137 "," 22,605,264,000 ",4.100394149,0.01%,0.0264150127,NEWELL BRANDS INC
KORS,NYSE,KORS US Equity, 42.47 , 48.89 ," 2,685,137 "," 151,847,732 "," 6,975,584,912 ",4.090682113,0.01%,0.0488569320,MICHAEL KORS HOLDINGS LTD
CMA,NYSE,CMA US Equity, 70.27 , 48.96 ," 2,146,453 "," 111,641,280 "," 12,104,919,675 ",4.085272012,0.01%,0.0425810765,COMERICA INC
EAT,NYSE,EAT US Equity, 47.54 , 49.04 ," 1,338,505 "," 63,959,897 "," 2,360,661,072 ",4.078041326,0.01%,0.0455167028,BRINKER INTERNATIONAL INC
WFC,NYSE,WFC US Equity, 55.04 , 49.08 ," 29,534,480 "," 1,149,361,647 "," 276,427,558,606 ",4.075199608,0.01%,0.0183663690,WELLS FARGO & CO
BIG,NYSE,BIG US Equity, 49.19 , 49.13 ," 993,356 "," 55,192,297 "," 2,191,900,497 ",4.070525823,0.01%,0.0698629053,BIG LOTS INC
ZTS,NYSE,ZTS US Equity, 54.10 , 49.49 ," 3,438,228 "," 168,354,833 "," 26,716,340,468 ",4.041506287,0.01%,0.0254316198,ZOETIS INC
AEE,NYSE,AEE US Equity, 53.10 , 49.97 ," 1,524,299 "," 80,830,471 "," 12,883,907,774 ",4.002273325,0.01%,0.0318349627,AMEREN CORPORATION
PLD,NYSE,PLD US Equity, 54.11 , 50.10 ," 2,695,944 "," 144,110,750 "," 28,603,303,540 ",3.992215193,0.01%,0.0393306520,PROLOGIS INC
TSS,NYSE,TSS US Equity, 52.97 , 50.35 ," 1,298,214 "," 66,845,130 "," 9,736,773,406 ",3.972391888,0.01%,0.0386382976,TOTAL SYSTEM SERVICES INC
XLNX,NASDAQ,XLNX US Equity, 59.05 , 50.35 ," 2,679,278 "," 132,882,606 "," 14,910,793,505 ",3.971969662,0.01%,0.0388788670,XILINX INC
EXPD,NASDAQ,EXPD US Equity, 53.13 , 50.47 ," 1,338,971 "," 68,234,078 "," 9,583,305,101 ",3.962600898,0.01%,0.0357858817,EXPEDITORS INTL WASH INC
NLSN,NYSE,NLSN US Equity, 42.51 , 50.52 ," 2,766,144 "," 112,288,464 "," 15,194,345,389 ",3.959208421,0.01%,0.0447537908,NIELSEN HOLDINGS PLC
SYY,NYSE,SYY US Equity, 55.38 , 50.54 ," 3,717,409 "," 185,913,235 "," 30,289,055,892 ",3.9571716,0.01%,0.0219901235,SYSCO CORP
SO,NYSE,SO US Equity, 49.01 , 50.68 ," 5,380,876 "," 277,652,256 "," 48,029,774,515 ",3.946275532,0.01%,0.0210145279,SOUTHERN CO/THE
WWAV,NYSE,WWAV US Equity, 55.39 , 50.71 ," 1,943,113 "," 127,182,057 "," 9,816,701,183 ",3.944069216,0.01%,0.0190078076,WHITEWAVE FOODS CO
BHI,NYSE,BHI US Equity, 63.96 , 50.98 ," 3,905,601 "," 195,513,379 "," 27,041,905,967 ",3.923134143,0.01%,0.0510493046,BAKER HUGHES INC
RSG,NYSE,RSG US Equity, 57.03 , 50.99 ," 1,308,719 "," 66,907,254 "," 19,388,025,731 ",3.922460833,0.01%,0.0232701164,REPUBLIC SERVICES INC
RAI,NYSE,RAI US Equity, 55.36 , 51.22 ," 6,900,146 "," 284,197,174 "," 78,931,644,052 ",3.904869453,0.01%,0.0196160791,REYNOLDS AMERICAN INC
BEAV,NASDAQ,BEAV US Equity, 61.26 , 51.28 ," 1,752,819 "," 74,707,177 "," 6,224,209,153 ",3.899863089,0.01%,0.0323875298,B/E AEROSPACE INC
HOG,NYSE,HOG US Equity, 59.10 , 51.66 ," 2,183,465 "," 128,458,441 "," 10,447,310,009 ",3.871268622,0.01%,0.0472001534,HARLEY-DAVIDSON INC
OC,NYSE,OC US Equity, 52.14 , 51.67 ," 1,120,298 "," 61,727,747 "," 5,908,686,091 ",3.870590707,0.01%,0.0434909403,OWENS CORNING
WDC,NASDAQ,WDC US Equity, 70.38 , 51.70 ," 4,678,100 "," 271,173,454 "," 20,091,653,504 ",3.868500155,0.01%,0.0431961362,WESTERN DIGITAL CORP
NUE,NYSE,NUE US Equity, 60.29 , 51.88 ," 3,095,705 "," 152,202,295 "," 19,201,470,176 ",3.85474931,0.01%,0.0361607753,NUCOR CORP
DKS,NYSE,DKS US Equity, 55.33 , 51.89 ," 1,928,273 "," 104,718,505 "," 6,232,756,961 ",3.853946847,0.01%,0.0582900555,DICK'S SPORTING GOODS INC
FLR,NYSE,FLR US Equity, 53.22 , 51.93 ," 1,535,170 "," 70,070,054 "," 7,410,895,857 ",3.850993477,0.01%,0.0510261486,FLUOR CORP
VZ,NYSE,VZ US Equity, 53.26 , 51.95 ," 14,011,263 "," 696,901,407 "," 217,121,524,284 ",3.850126133,0.01%,0.0188604704,VERIZON COMMUNICATIONS INC
LVLT,NYSE,LVLT US Equity, 58.70 , 52.05 ," 3,779,614 "," 155,190,319 "," 21,127,627,731 ",3.842374186,0.01%,0.0300107021,LEVEL 3 COMMUNICATIONS INC
LVS,NYSE,LVS US Equity, 55.47 , 52.20 ," 4,533,514 "," 223,061,078 "," 44,087,218,631 ",3.831527609,0.01%,0.0232240289,LAS VEGAS SANDS CORP
DISH,NASDAQ,DISH US Equity, 61.36 , 52.59 ," 2,189,713 "," 138,212,031 "," 28,534,551,895 ",3.802816237,0.01%,0.0531936279,DISH NETWORK CORP-A
CCK,NYSE,CCK US Equity, 54.33 , 53.21 ," 951,589 "," 51,478,539 "," 7,595,182,800 ",3.758593149,0.01%,0.0544117701,CROWN HOLDINGS INC
DOW,NYSE,DOW US Equity, 57.44 , 53.23 ," 6,642,140 "," 348,531,782 "," 69,972,536,693 ",3.757403358,0.01%,0.0197395365,DOW CHEMICAL CO/THE
ICE,NYSE,ICE US Equity, 57.34 , 53.37 ," 2,925,195 "," 170,024,126 "," 34,156,066,427 ",3.74754158,0.01%,0.0302842873,INTERCONTINENTAL EXCHANGE IN
UAL,NYSE,UAL US Equity, 71.37 , 53.52 ," 4,632,138 "," 265,027,419 "," 22,644,672,059 ",3.737004648,0.01%,0.0450157652,UNITED CONTINENTAL HOLDINGS
EMR,NYSE,EMR US Equity, 56.40 , 53.58 ," 3,724,092 "," 195,418,872 "," 36,346,982,425 ",3.732669796,0.01%,0.0273223048,EMERSON ELECTRIC CO
LLTC,NASDAQ,LLTC US Equity, 62.10 , 54.12 ," 2,108,311 "," 125,504,184 "," 14,926,223,106 ",3.695699709,0.01%,0.0183183287,LINEAR TECHNOLOGY CORP
CAB,NYSE,CAB US Equity, 57.97 , 54.22 ," 1,381,459 "," 56,591,190 "," 3,969,759,919 ",3.688645059,0.01%,0.0383608838,CABELA'S INC
KMX,NYSE,KMX US Equity, 65.40 , 54.81 ," 2,320,403 "," 132,077,670 "," 12,237,414,784 ",3.648962472,0.01%,0.0488271137,CARMAX INC
WR,NYSE,WR US Equity, 54.68 , 54.88 ," 795,188 "," 65,414,716 "," 7,752,859,136 ",3.644128874,0.01%,0.0253047912,WESTAR ENERGY INC
NKE,NYSE,NKE US Equity, 53.91 , 55.05 ," 9,614,786 "," 526,476,369 "," 89,192,862,078 ",3.632846423,0.01%,0.0199292814,NIKE INC -CL B
HES,NYSE,HES US Equity, 61.90 , 55.42 ," 4,388,723 "," 225,400,976 "," 19,598,843,490 ",3.608574356,0.01%,0.0425491972,HESS CORP
ES,NYSE,ES US Equity, 55.26 , 55.55 ," 1,612,085 "," 89,265,028 "," 17,511,109,750 ",3.600240177,0.01%,0.0292648072,EVERSOURCE ENERGY
CBS,NYSE,CBS US Equity, 64.29 , 55.71 ," 4,674,443 "," 239,570,758 "," 27,678,033,666 ",3.589803984,0.01%,0.0288799005,CBS CORP-CLASS B NON VOTING
VNTV,NYSE,VNTV US Equity, 61.82 , 55.84 ," 1,208,562 "," 76,691,210 "," 12,124,869,669 ",3.581799886,0.01%,0.0554800066,VANTIV INC - CL A
SIX,NYSE,SIX US Equity, 60.62 , 56.04 ," 1,063,288 "," 55,454,618 "," 5,580,493,946 ",3.569003459,0.01%,0.0581953000,SIX FLAGS ENTERTAINMENT CORP
SBUX,NASDAQ,SBUX US Equity, 57.13 , 56.15 ," 8,770,702 "," 493,446,084 "," 83,147,002,000 ",3.561959091,0.01%,0.0185516453,STARBUCKS CORP
MSFT,NASDAQ,MSFT US Equity, 62.84 , 56.25 ," 26,588,408 "," 1,602,958,088 "," 488,603,025,483 ",3.555435479,0.01%,0.0162078807,MICROSOFT CORP
AAXJ,NASDAQ,AAXJ US Equity, 56.53 , 56.45 ," 1,250,797 "," 59,465,205 "," 2,577,768,066 ",3.542858008,0.01%,0.0227571412,ISHARES MSCI ALL COUNTRY ASI
AKAM,NASDAQ,AKAM US Equity, 69.79 , 56.78 ," 2,118,320 "," 118,171,030 "," 12,094,600,789 ",3.522309602,0.01%,0.0594135792,AKAMAI TECHNOLOGIES INC
MCHP,NASDAQ,MCHP US Equity, 63.68 , 56.83 ," 2,075,595 "," 121,007,801 "," 13,755,909,260 ",3.519224649,0.01%,0.0609545440,MICROCHIP TECHNOLOGY INC
CERN,NASDAQ,CERN US Equity, 47.55 , 57.01 ," 2,765,353 "," 171,859,821 "," 16,143,050,349 ",3.508064082,0.01%,0.0367207382,CERNER CORP
PAYX,NASDAQ,PAYX US Equity, 61.27 , 57.05 ," 2,137,784 "," 118,949,445 "," 21,986,321,639 ",3.505478581,0.01%,0.0275092050,PAYCHEX INC
CTSH,NASDAQ,CTSH US Equity, 57.87 , 57.08 ," 6,448,281 "," 289,140,279 "," 35,109,993,755 ",3.50386045,0.01%,0.0282362697,COGNIZANT TECH SOLUTIONS-A
APC,NYSE,APC US Equity, 71.74 , 57.12 ," 5,394,092 "," 289,476,376 "," 40,095,550,351 ",3.501685697,0.01%,0.0361338124,ANADARKO PETROLEUM CORP
PCAR,NASDAQ,PCAR US Equity, 65.88 , 57.17 ," 2,060,490 "," 124,948,887 "," 23,093,395,413 ",3.498156803,0.01%,0.0455346066,PACCAR INC
APA,NYSE,APA US Equity, 63.12 , 57.22 ," 4,018,264 "," 215,600,518 "," 23,949,579,562 ",3.495565371,0.01%,0.0368871396,APACHE CORP
VLO,NYSE,VLO US Equity, 66.66 , 57.55 ," 5,440,799 "," 328,927,967 "," 30,174,632,835 ",3.475489614,0.01%,0.0404673437,VALERO ENERGY CORP
FBHS,NYSE,FBHS US Equity, 54.78 , 57.72 ," 1,401,609 "," 83,462,446 "," 8,452,933,735 ",3.464787457,0.01%,0.0416700571,FORTUNE BRANDS HOME & SECURI
ACWI,NASDAQ,ACWI US Equity, 60.38 , 57.81 ," 2,026,166 "," 107,422,127 "," 6,074,228,027 ",3.45972587,0.01%,0.0171362044,ISHARES MSCI ACWI ETF
AIG,NYSE,AIG US Equity, 66.81 , 58.39 ," 6,255,373 "," 363,872,174 "," 68,622,897,300 ",3.425229315,0.01%,0.0184564416,AMERICAN INTERNATIONAL GROUP
DFS,NYSE,DFS US Equity, 72.06 , 58.47 ," 2,761,044 "," 162,601,206 "," 28,420,367,368 ",3.420411313,0.01%,0.0325324282,DISCOVER FINANCIAL SERVICES
MRK,NYSE,MRK US Equity, 60.27 , 59.31 ," 10,374,824 "," 593,211,075 "," 166,172,678,150 ",3.372180871,0.01%,0.0176567512,MERCK & CO. INC.
PNR,NYSE,PNR US Equity, 58.01 , 59.39 ," 1,236,010 "," 79,790,040 "," 10,542,727,770 ",3.367539185,0.01%,0.0586002993,PENTAIR PLC
VFC,NYSE,VFC US Equity, 53.18 , 59.75 ," 3,109,988 "," 161,450,604 "," 22,001,164,541 ",3.347005747,0.01%,0.0286972833,VF CORP
CPB,NYSE,CPB US Equity, 60.70 , 59.90 ," 2,078,184 "," 116,572,735 "," 18,638,049,055 ",3.3387671,0.01%,0.0337075438,CAMPBELL SOUP CO
WEC,NYSE,WEC US Equity, 58.78 , 59.95 ," 1,828,809 "," 112,374,919 "," 18,551,984,835 ",3.335971588,0.01%,0.0260162703,WEC ENERGY GROUP INC
QCOM,NASDAQ,QCOM US Equity, 65.53 , 60.06 ," 9,327,971 "," 565,802,227 "," 96,780,384,403 ",3.329735934,0.01%,0.0169786993,QUALCOMM INC
XRAY,NASDAQ,XRAY US Equity, 58.29 , 60.67 ," 1,453,377 "," 89,749,310 "," 13,458,022,596 ",3.296655343,0.01%,0.0481631453,DENTSPLY SIRONA INC
ROST,NASDAQ,ROST US Equity, 65.31 , 60.82 ," 2,644,861 "," 171,104,804 "," 25,740,006,198 ",3.288348681,0.01%,0.0297639090,ROSS STORES INC
PCG,NYSE,PCG US Equity, 61.22 , 61.05 ," 2,450,091 "," 157,439,929 "," 31,031,920,526 ",3.276266173,0.01%,0.0238671039,P G & E CORP
TRIP,NASDAQ,TRIP US Equity, 50.77 , 61.23 ," 2,212,702 "," 128,199,863 "," 7,397,250,381 ",3.266276669,0.01%,0.0489269889,TRIPADVISOR INC
NVDA,NASDAQ,NVDA US Equity, 103.10 , 61.37 ," 14,235,967 "," 847,776,997 "," 55,570,900,000 ",3.258857545,0.01%,0.0345976859,NVIDIA CORP
APH,NYSE,APH US Equity, 68.08 , 61.63 ," 1,305,622 "," 77,208,983 "," 21,001,208,791 ",3.244964867,0.01%,0.0387263583,AMPHENOL CORP-CL A
YUM,NYSE,YUM US Equity, 64.42 , 61.80 ," 3,592,535 "," 258,406,888 "," 23,642,495,019 ",3.236094982,0.01%,0.0195387422,YUM! BRANDS INC
ABBV,NYSE,ABBV US Equity, 63.79 , 62.13 ," 7,299,339 "," 489,177,666 "," 103,665,065,975 ",3.219300279,0.01%,0.0192136216,ABBVIE INC
RY,NYSE,RY US Equity, 70.07 , 62.13 ," 880,949 "," 60,468,819 "," 104,100,387,421 ",3.218803004,0.01%,0.0174173831,ROYAL BANK OF CANADA
ADI,NASDAQ,ADI US Equity, 71.60 , 62.50 ," 2,565,750 "," 151,945,323 "," 22,065,012,096 ",3.199893168,0.01%,0.0426723521,ANALOG DEVICES INC
TEL,NYSE,TEL US Equity, 68.30 , 62.60 ," 1,341,349 "," 93,617,658 "," 24,269,928,334 ",3.195100092,0.01%,0.0415554309,TE CONNECTIVITY LTD
O,NYSE,O US Equity, 59.84 , 62.83 ," 1,769,446 "," 110,859,394 "," 15,474,576,248 ",3.183415694,0.01%,0.0515185649,REALTY INCOME CORP
BMY,NYSE,BMY US Equity, 59.95 , 63.16 ," 11,777,146 "," 606,070,482 "," 100,190,235,263 ",3.166315383,0.01%,0.0218249082,BRISTOL-MYERS SQUIBB CO
CNI,NYSE,CNI US Equity, 69.12 , 63.23 ," 999,280 "," 62,472,257 "," 53,017,099,085 ",3.163258208,0.01%,0.0414426678,CANADIAN NATL RAILWAY CO
CNC,NYSE,CNC US Equity, 61.04 , 63.68 ," 1,806,125 "," 118,673,217 "," 10,431,250,671 ",3.140691273,0.01%,0.0501058182,CENTENE CORP
EQR,NYSE,EQR US Equity, 65.38 , 63.89 ," 2,435,886 "," 153,620,825 "," 23,907,039,421 ",3.130431024,0.01%,0.0464454040,EQUITY RESIDENTIAL
ETN,NYSE,ETN US Equity, 68.01 , 63.94 ," 2,736,365 "," 160,605,689 "," 30,720,117,000 ",3.128176988,0.01%,0.0586340128,EATON CORP PLC
FL,NYSE,FL US Equity, 70.79 , 63.98 ," 1,758,929 "," 134,566,597 "," 9,370,115,448 ",3.126191802,0.01%,0.0534555155,FOOT LOCKER INC
WM,NYSE,WM US Equity, 70.19 , 64.22 ," 2,042,426 "," 134,127,235 "," 31,024,196,606 ",3.114491025,0.01%,0.0196670379,WASTE MANAGEMENT INC
AEP,NYSE,AEP US Equity, 63.14 , 64.79 ," 2,747,951 "," 169,970,708 "," 31,046,666,194 ",3.086793579,0.01%,0.0222066063,AMERICAN ELECTRIC POWER
ADSK,NASDAQ,ADSK US Equity, 79.30 , 64.87 ," 2,221,453 "," 133,469,895 "," 17,648,718,714 ",3.083279504,0.01%,0.0533061767,AUTODESK INC
MO,NYSE,MO US Equity, 68.23 , 64.95 ," 6,442,580 "," 394,183,389 "," 133,066,972,317 ",3.079223184,0.01%,0.0163003400,ALTRIA GROUP INC
GIS,NYSE,GIS US Equity, 61.47 , 64.95 ," 3,214,613 "," 185,801,704 "," 35,653,292,890 ",3.079170739,0.01%,0.0203852342,GENERAL MILLS INC
CMCSA,NASDAQ,CMCSA US Equity, 70.27 , 65.12 ," 10,026,868 "," 620,455,924 "," 168,144,332,329 ",3.071269494,0.01%,0.0153894945,COMCAST CORP-CLASS A
SNI,NASDAQ,SNI US Equity, 74.38 , 65.31 ," 1,112,785 "," 71,363,990 "," 9,603,041,585 ",3.062172698,0.01%,0.0717722762,SCRIPPS NETWORKS INTER-CL A
AXP,NYSE,AXP US Equity, 75.47 , 65.66 ," 4,587,440 "," 300,954,042 "," 69,074,323,453 ",3.04579262,0.01%,0.0163385259,AMERICAN EXPRESS CO
DRI,NYSE,DRI US Equity, 71.55 , 65.77 ," 1,762,446 "," 121,041,157 "," 8,884,010,759 ",3.041080527,0.01%,0.0480189278,DARDEN RESTAURANTS INC
MMC,NYSE,MMC US Equity, 68.68 , 65.97 ," 2,148,538 "," 137,683,098 "," 35,410,986,648 ",3.031623512,0.01%,0.0219200636,MARSH & MCLENNAN COS
TXN,NASDAQ,TXN US Equity, 74.15 , 66.22 ," 4,977,605 "," 347,904,914 "," 74,111,866,731 ",3.02016941,0.01%,0.0194390449,TEXAS INSTRUMENTS INC
NDAQ,NASDAQ,NDAQ US Equity, 68.46 , 66.52 ," 787,473 "," 54,165,676 "," 11,309,793,067 ",3.006442639,0.01%,0.0462505180,NASDAQ INC
LULU,NASDAQ,LULU US Equity, 68.27 , 66.60 ," 2,672,485 "," 146,536,172 "," 9,358,462,455 ",3.003092173,0.01%,0.0537237301,LULULEMON ATHLETICA INC
STT,NYSE,STT US Equity, 82.44 , 66.83 ," 2,196,770 "," 158,889,697 "," 31,799,962,732 ",2.992598529,0.01%,0.0279551432,STATE STREET CORP
VTR,NYSE,VTR US Equity, 63.05 , 67.06 ," 2,367,083 "," 147,993,628 "," 22,326,612,991 ",2.982299423,0.01%,0.0598281327,VENTAS INC
CBOE,NASDAQ,CBOE US Equity, 75.50 , 67.13 ," 863,097 "," 60,257,304 "," 6,137,040,679 ",2.9791718,0.01%,0.0512861666,CBOE HOLDINGS INC
IR,NYSE,IR US Equity, 75.06 , 67.70 ," 2,139,586 "," 134,155,251 "," 19,390,313,301 ",2.954362368,0.01%,0.0402022203,INGERSOLL-RAND PLC
TSN,NYSE,TSN US Equity, 63.32 , 67.88 ," 3,728,561 "," 230,110,998 "," 24,670,483,664 ",2.946508215,0.01%,0.0358816162,TYSON FOODS INC-CL A
JPM,NYSE,JPM US Equity, 86.12 , 68.09 ," 16,824,694 "," 1,075,358,152 "," 308,160,119,621 ",2.937342688,0.01%,0.0120917992,JPMORGAN CHASE & CO
DD,NYSE,DD US Equity, 73.38 , 68.20 ," 2,783,657 "," 197,189,938 "," 63,792,315,960 ",2.932665292,0.01%,0.0213949246,DU PONT (E.I.) DE NEMOURS
VMW,NYSE,VMW US Equity, 81.50 , 68.29 ," 2,060,496 "," 148,141,607 "," 33,542,620,035 ",2.928472148,0.01%,0.0507249836,VMWARE INC-CLASS A
DLPH,NYSE,DLPH US Equity, 69.17 , 68.32 ," 2,353,140 "," 154,910,924 "," 18,733,979,974 ",2.927224943,0.01%,0.0647199580,DELPHI AUTOMOTIVE PLC
ALL,NYSE,ALL US Equity, 74.15 , 68.81 ," 2,162,440 "," 136,694,456 "," 27,305,503,557 ",2.906674594,0.01%,0.0303869637,ALLSTATE CORP
DVA,NYSE,DVA US Equity, 65.79 , 69.45 ," 2,033,921 "," 109,405,627 "," 12,986,946,000 ",2.879574883,0.01%,0.0406042275,DAVITA INC
CE,NYSE,CE US Equity, 81.03 , 70.08 ," 972,020 "," 72,543,920 "," 11,603,455,080 ",2.853887418,0.01%,0.0656893116,CELANESE CORP-SERIES A
AFL,NYSE,AFL US Equity, 70.19 , 70.31 ," 1,898,242 "," 137,691,759 "," 28,644,685,557 ",2.844699406,0.01%,0.0341888652,AFLAC INC
WMT,NYSE,WMT US Equity, 68.26 , 70.65 ," 8,530,510 "," 613,396,811 "," 209,775,970,288 ",2.830832428,0.01%,0.0159948101,WAL-MART STORES INC
EVHC,NYSE,EVHC US Equity, 65.62 , 70.91 ," 1,613,047 "," 69,168,199 "," 7,701,683,567 ",2.820657694,0.01%,0.0570807713,ENVISION HEALTHCARE CORP
EMN,NYSE,EMN US Equity, 77.50 , 71.10 ," 1,441,814 "," 96,491,761 "," 11,373,192,735 ",2.812874386,0.01%,0.0589046774,EASTMAN CHEMICAL CO
CL,NYSE,CL US Equity, 67.36 , 71.13 ," 3,333,292 "," 223,154,660 "," 59,872,437,805 ",2.811837986,0.01%,0.0177180062,COLGATE-PALMOLIVE CO
MAR,NASDAQ,MAR US Equity, 82.30 , 71.14 ," 3,629,115 "," 240,236,435 "," 32,136,489,186 ",2.811297611,0.01%,0.0266646936,MARRIOTT INTERNATIONAL -CL A
HCN,NYSE,HCN US Equity, 68.45 , 71.15 ," 2,281,338 "," 157,232,557 "," 24,815,292,059 ",2.810844242,0.01%,0.0650096225,WELLTOWER INC
WYN,NYSE,WYN US Equity, 76.88 , 71.17 ," 977,975 "," 80,927,513 "," 8,285,860,318 ",2.810111746,0.01%,0.0576939105,WYNDHAM WORLDWIDE CORP
SCG,NYSE,SCG US Equity, 71.90 , 71.47 ," 751,548 "," 56,994,914 "," 10,275,726,332 ",2.79828698,0.01%,0.0634523724,SCANA CORP
SWKS,NASDAQ,SWKS US Equity, 74.96 , 71.74 ," 2,565,559 "," 191,548,330 "," 13,928,611,893 ",2.787928689,0.01%,0.0619239890,SKYWORKS SOLUTIONS INC
TROW,NASDAQ,TROW US Equity, 75.62 , 71.80 ," 1,758,363 "," 112,605,502 "," 18,408,414,879 ",2.785367809,0.01%,0.0482225187,T ROWE PRICE GROUP INC
CHRW,NASDAQ,CHRW US Equity, 74.15 , 71.95 ," 1,457,352 "," 103,166,511 "," 10,500,342,868 ",2.779628962,0.01%,0.0469807841,C.H. ROBINSON WORLDWIDE INC
LB,NYSE,LB US Equity, 61.23 , 72.13 ," 2,134,220 "," 172,082,994 "," 17,509,077,491 ",2.772738643,0.01%,0.0479565857,L BRANDS INC
EIX,NYSE,EIX US Equity, 71.69 , 72.44 ," 1,678,122 "," 117,690,218 "," 23,357,405,358 ",2.760794992,0.01%,0.0272920449,EDISON INTERNATIONAL
NTRS,NASDAQ,NTRS US Equity, 89.84 , 72.49 ," 1,302,356 "," 93,490,596 "," 20,342,570,383 ",2.759147681,0.01%,0.0655292199,NORTHERN TRUST CORP
Q,NYSE,Q US Equity, 77.82 , 72.99 ," 1,509,212 "," 104,101,368 "," 19,157,848,999 ",2.740101464,0.01%,0.0511475991,QUINTILES IMS HOLDINGS INC
WCN,NYSE,WCN US Equity, 81.67 , 73.06 ," 787,508 "," 62,930,931 "," 14,303,801,241 ",2.737599924,0.01%,0.0718808907,WASTE CONNECTIONS INC
TGT,NYSE,TGT US Equity, 71.44 , 73.13 ," 5,248,314 "," 410,188,692 "," 40,127,523,948 ",2.734764255,0.01%,0.0208516823,TARGET CORP
ESRX,NASDAQ,ESRX US Equity, 70.75 , 73.15 ," 3,938,308 "," 277,051,067 "," 43,625,935,750 ",2.734016406,0.01%,0.0364308516,EXPRESS SCRIPTS HOLDING CO
COF,NYSE,COF US Equity, 88.60 , 73.17 ," 3,613,623 "," 260,817,983 "," 42,731,902,711 ",2.733534315,0.01%,0.0292142596,CAPITAL ONE FINANCIAL CORP
GPN,NYSE,GPN US Equity, 74.45 , 73.37 ," 1,231,811 "," 82,650,884 "," 11,442,770,388 ",2.725987906,0.01%,0.0535005821,GLOBAL PAYMENTS INC
OXY,NYSE,OXY US Equity, 71.08 , 73.38 ," 4,993,525 "," 319,687,299 "," 54,318,518,225 ",2.725718352,0.01%,0.0226208644,OCCIDENTAL PETROLEUM CORP
D,NYSE,D US Equity, 76.90 , 74.20 ," 2,558,006 "," 198,955,291 "," 48,197,110,297 ",2.695377715,0.01%,0.0207348640,DOMINION RESOURCES INC/VA
AVY,NYSE,AVY US Equity, 72.40 , 74.32 ," 697,781 "," 52,501,903 "," 6,442,990,899 ",2.690889987,0.01%,0.0524844349,AVERY DENNISON CORP
MSI,NYSE,MSI US Equity, 82.89 , 74.36 ," 1,055,828 "," 97,613,778 "," 13,756,711,614 ",2.689733683,0.01%,0.0690494479,MOTOROLA SOLUTIONS INC
ENH,NYSE,ENH US Equity, 92.53 , 74.54 ," 972,307 "," 51,591,045 "," 6,257,609,680 ",2.683074515,0.01%,0.0149881752,ENDURANCE SPECIALTY HOLDINGS
FIS,NYSE,FIS US Equity, 78.89 , 74.66 ," 1,838,225 "," 150,109,957 "," 25,893,896,428 ",2.678806918,0.01%,0.0333225328,FIDELITY NATIONAL INFO SERV
AWK,NYSE,AWK US Equity, 72.84 , 74.78 ," 1,039,533 "," 88,789,367 "," 12,965,765,252 ",2.674583438,0.01%,0.0641942481,AMERICAN WATER WORKS CO INC
FRC,NYSE,FRC US Equity, 92.75 , 74.93 ," 993,857 "," 68,930,007 "," 14,248,510,990 ",2.669011935,0.01%,0.0582661207,FIRST REPUBLIC BANK/CA
PKG,NYSE,PKG US Equity, 87.20 , 74.97 ," 836,302 "," 65,781,364 "," 8,216,535,627 ",2.667568393,0.01%,0.0703363166,PACKAGING CORP OF AMERICA
ED,NYSE,ED US Equity, 73.94 , 75.05 ," 1,723,428 "," 142,187,420 "," 22,531,553,051 ",2.664929247,0.01%,0.0304296269,CONSOLIDATED EDISON INC
LOW,NYSE,LOW US Equity, 70.95 , 75.24 ," 6,126,924 "," 408,990,368 "," 61,715,655,434 ",2.658247153,0.01%,0.0182585739,LOWE'S COS INC
BLL,NYSE,BLL US Equity, 77.20 , 75.29 ," 1,271,917 "," 120,717,947 "," 13,495,064,039 ",2.656534683,0.01%,0.0701902867,BALL CORP
RHT,NYSE,RHT US Equity, 73.80 , 75.39 ," 1,771,418 "," 117,023,250 "," 13,157,653,883 ",2.652827727,0.01%,0.0429850995,RED HAT INC
RCL,NYSE,RCL US Equity, 84.33 , 75.46 ," 2,043,635 "," 165,891,636 "," 18,095,702,084 ",2.650270437,0.01%,0.0601250844,ROYAL CARIBBEAN CRUISES LTD
PNW,NYSE,PNW US Equity, 78.49 , 75.81 ," 736,684 "," 55,654,397 "," 8,736,416,338 ",2.638228366,0.01%,0.0708612203,PINNACLE WEST CAPITAL
ETR,NYSE,ETR US Equity, 73.24 , 76.04 ," 1,486,643 "," 103,238,268 "," 13,119,326,810 ",2.63022416,0.01%,0.0558567982,ENTERGY CORP
CRM,NYSE,CRM US Equity, 73.80 , 76.21 ," 7,938,176 "," 442,401,540 "," 51,416,460,000 ",2.624401637,0.01%,0.0201813093,SALESFORCE.COM INC
STJ,NYSE,STJ US Equity, 80.82 , 76.38 ," 2,570,971 "," 256,427,805 "," 23,091,604,459 ",2.61850361,0.01%,0.0149054339,ST JUDE MEDICAL INC
LLY,NYSE,LLY US Equity, 75.67 , 76.45 ," 5,249,971 "," 345,466,267 "," 83,535,762,564 ",2.616005249,0.01%,0.0312816241,ELI LILLY & CO
EA,NASDAQ,EA US Equity, 79.01 , 76.68 ," 2,942,709 "," 253,505,961 "," 23,841,702,766 ",2.608106836,0.01%,0.0397604703,ELECTRONIC ARTS INC
TJX,NYSE,TJX US Equity, 75.98 , 76.75 ," 3,275,824 "," 255,925,816 "," 49,531,418,149 ",2.605897127,0.01%,0.0235854562,TJX COMPANIES INC
NVS,NYSE,NVS US Equity, 73.49 , 76.78 ," 2,759,221 "," 167,832,116 "," 193,066,668,122 ",2.604707619,0.01%,0.0154742766,NOVARTIS AG-SPONSORED ADR
HCA,NYSE,HCA US Equity, 76.62 , 76.81 ," 3,083,782 "," 214,745,751 "," 28,708,418,334 ",2.603785294,0.01%,0.0438802028,HCA HOLDINGS INC
K,NYSE,K US Equity, 73.13 , 77.23 ," 1,677,138 "," 154,937,557 "," 25,661,694,716 ",2.589813201,0.01%,0.0381275660,KELLOGG CO
DHR,NYSE,DHR US Equity, 80.43 , 77.25 ," 3,339,827 "," 260,213,280 "," 55,633,601,351 ",2.589039721,0.01%,0.0177671554,DANAHER CORP
CAH,NYSE,CAH US Equity, 75.33 , 77.68 ," 2,898,745 "," 200,321,912 "," 24,110,368,540 ",2.574541129,0.01%,0.0290474552,CARDINAL HEALTH INC
SLB,NYSE,SLB US Equity, 86.48 , 79.29 ," 5,741,365 "," 473,778,124 "," 120,320,350,346 ",2.522370372,0.01%,0.0180525403,SCHLUMBERGER LTD
V,NYSE,V US Equity, 82.21 , 79.50 ," 9,860,873 "," 726,416,632 "," 191,294,511,480 ",2.515795942,0.01%,0.0144107858,VISA INC-CLASS A SHARES
WDAY,NYSE,WDAY US Equity, 73.85 , 79.73 ," 1,815,728 "," 135,047,302 "," 14,843,850,000 ",2.508433083,0.01%,0.0620495952,WORKDAY INC-CLASS A
DUK,NYSE,DUK US Equity, 77.49 , 79.76 ," 3,229,714 "," 250,269,094 "," 53,385,457,535 ",2.507467575,0.01%,0.0188599024,DUKE ENERGY CORP
VCSH,NASDAQ,VCSH US Equity, 79.33 , 80.19 ," 1,260,951 "," 96,992,289 "," 15,848,608,398 ",2.494022154,0.01%,0.0141220839,VANGUARD S/T CORP BOND ETF
TWX,NYSE,TWX US Equity, 94.75 , 80.42 ," 5,937,722 "," 399,260,617 "," 73,064,526,473 ",2.486958939,0.01%,0.0188013484,TIME WARNER INC
TSO,NYSE,TSO US Equity, 83.75 , 80.71 ," 2,287,062 "," 172,215,387 "," 9,788,428,315 ",2.477857335,0.01%,0.0632193545,TESORO CORP
VRSK,NASDAQ,VRSK US Equity, 82.38 , 81.00 ," 817,888 "," 58,720,656 "," 13,794,610,497 ",2.469239532,0.01%,0.0459654953,VERISK ANALYTICS INC
PSX,NYSE,PSX US Equity, 85.40 , 81.11 ," 2,333,848 "," 213,047,272 "," 44,480,607,507 ",2.465724794,0.01%,0.0285091443,PHILLIPS 66
CHKP,NASDAQ,CHKP US Equity, 87.24 , 81.28 ," 1,303,854 "," 116,774,483 "," 15,258,408,867 ",2.460767623,0.01%,0.0557356449,CHECK POINT SOFTWARE TECH
SYT,NYSE,SYT US Equity, 80.34 , 81.31 ," 761,138 "," 58,321,371 "," 37,188,642,453 ",2.459805215,0.01%,0.0383903328,SYNGENTA AG-ADR
DG,NYSE,DG US Equity, 73.35 , 81.33 ," 3,612,406 "," 262,581,693 "," 20,263,983,471 ",2.459102127,0.01%,0.0484908292,DOLLAR GENERAL CORP
MJN,NYSE,MJN US Equity, 71.60 , 81.39 ," 1,787,235 "," 126,522,236 "," 13,226,198,376 ",2.4572394,0.01%,0.0515271562,MEAD JOHNSON NUTRITION CO
LYB,NYSE,LYB US Equity, 88.17 , 81.48 ," 3,102,756 "," 258,601,509 "," 35,931,375,474 ",2.454639858,0.01%,0.0423399153,LYONDELLBASELL INDU-CL A
ABC,NYSE,ABC US Equity, 84.80 , 81.51 ," 2,607,744 "," 202,092,325 "," 18,451,723,584 ",2.453539163,0.01%,0.0605911797,AMERISOURCEBERGEN CORP
GILD,NASDAQ,GILD US Equity, 75.49 , 81.62 ," 9,651,312 "," 712,314,571 "," 99,454,758,800 ",2.450487842,0.01%,0.0163941372,GILEAD SCIENCES INC
WBA,NASDAQ,WBA US Equity, 83.10 , 81.70 ," 4,376,170 "," 370,645,288 "," 89,698,940,087 ",2.447931817,0.01%,0.0273379107,WALGREENS BOOTS ALLIANCE INC
MDT,NYSE,MDT US Equity, 72.87 , 81.81 ," 5,815,782 "," 429,022,061 "," 100,053,957,480 ",2.444800932,0.01%,0.0167513769,MEDTRONIC PLC
VRSN,NASDAQ,VRSN US Equity, 80.85 , 81.97 ," 980,238 "," 74,525,260 "," 8,454,845,495 ",2.439860461,0.01%,0.0518559235,VERISIGN INC
DGX,NYSE,DGX US Equity, 92.02 , 82.02 ," 1,121,108 "," 93,525,583 "," 12,757,648,659 ",2.438472848,0.01%,0.0389436636,QUEST DIAGNOSTICS INC
CAT,NYSE,CAT US Equity, 93.04 , 82.47 ," 4,885,767 "," 401,737,485 "," 54,435,153,308 ",2.425136142,0.01%,0.0176246946,CATERPILLAR INC
PRU,NYSE,PRU US Equity, 105.15 , 82.47 ," 2,639,948 "," 207,092,320 "," 45,214,500,000 ",2.425065473,0.01%,0.0512915286,PRUDENTIAL FINANCIAL INC
TSCO,NASDAQ,TSCO US Equity, 75.16 , 82.48 ," 1,938,571 "," 117,645,140 "," 9,864,726,475 ",2.424894314,0.01%,0.0531196310,TRACTOR SUPPLY COMPANY
HAS,NASDAQ,HAS US Equity, 82.87 , 82.69 ," 1,326,625 "," 97,429,049 "," 10,341,146,009 ",2.418784778,0.01%,0.0434016004,HASBRO INC
SAP,NYSE,SAP US Equity, 88.47 , 83.42 ," 826,130 "," 77,166,600 "," 108,685,769,405 ",2.397395919,0.01%,0.0262215811,SAP SE-SPONSORED ADR
OMC,NYSE,OMC US Equity, 85.81 , 83.61 ," 1,605,799 "," 130,901,424 "," 20,240,934,451 ",2.392144134,0.01%,0.0451870577,OMNICOM GROUP
JBHT,NASDAQ,JBHT US Equity, 97.69 , 84.62 ," 986,470 "," 73,533,777 "," 10,959,359,684 ",2.36338591,0.01%,0.0650590040,HUNT (JB) TRANSPRT SVCS INC
PG,NYSE,PG US Equity, 85.03 , 84.67 ," 18,380,556 "," 1,110,702,842 "," 227,539,644,316 ",2.36219394,0.01%,0.0132690155,PROCTER & GAMBLE CO/THE
DLTR,NASDAQ,DLTR US Equity, 77.09 , 84.80 ," 2,839,171 "," 212,365,434 "," 18,198,745,537 ",2.358428098,0.01%,0.0445135908,DOLLAR TREE INC
CTXS,NASDAQ,CTXS US Equity, 91.01 , 84.90 ," 1,165,132 "," 112,216,611 "," 14,194,466,752 ",2.355584917,0.01%,0.0706966432,CITRIX SYSTEMS INC
KHC,NASDAQ,KHC US Equity, 86.31 , 85.28 ," 2,870,385 "," 247,911,104 "," 105,062,592,602 ",2.345342316,0.01%,0.0220927842,KRAFT HEINZ CO/THE
HAR,NYSE,HAR US Equity, 110.81 , 86.02 ," 1,129,375 "," 94,314,850 "," 7,723,332,671 ",2.325121824,0.01%,0.0190067299,HARMAN INTERNATIONAL
DE,NYSE,DE US Equity, 106.49 , 86.13 ," 3,022,955 "," 281,524,942 "," 33,743,766,582 ",2.321979628,0.01%,0.0332984946,DEERE & CO
COL,NYSE,COL US Equity, 93.03 , 87.45 ," 1,200,213 "," 86,532,126 "," 12,144,214,438 ",2.28694003,0.01%,0.0523922128,ROCKWELL COLLINS INC
VCIT,NASDAQ,VCIT US Equity, 85.81 , 87.99 ," 865,823 "," 72,774,466 "," 10,401,088,867 ",2.273041201,0.01%,0.0465392007,VANGUARD INT-TERM CORPORATE
XOM,NYSE,XOM US Equity, 88.50 , 88.10 ," 10,966,186 "," 955,117,800 "," 366,982,359,351 ",2.270045768,0.01%,0.0121107028,EXXON MOBIL CORP
EOG,NYSE,EOG US Equity, 105.21 , 88.33 ," 3,440,512 "," 294,631,716 "," 60,649,113,881 ",2.264187643,0.01%,0.0425082206,EOG RESOURCES INC
EL,NYSE,EL US Equity, 79.16 , 88.56 ," 1,891,825 "," 151,714,262 "," 29,007,420,877 ",2.258406954,0.01%,0.0329851845,ESTEE LAUDER COMPANIES-CL A
BABA,NYSE,BABA US Equity, 93.89 , 88.81 ," 14,409,659 "," 1,366,769,301 "," 234,281,527,673 ",2.252098735,0.01%,0.0169369405,ALIBABA GROUP HOLDING-SP ADR
HRS,NYSE,HRS US Equity, 104.55 , 88.89 ," 708,774 "," 68,800,693 "," 12,993,133,899 ",2.250063044,0.01%,0.0547823706,HARRIS CORP
VAR,NYSE,VAR US Equity, 89.21 , 89.04 ," 806,265 "," 68,995,684 "," 8,336,709,113 ",2.246100829,0.01%,0.0575673811,VARIAN MEDICAL SYSTEMS INC
NXPI,NASDAQ,NXPI US Equity, 98.21 , 89.86 ," 4,584,564 "," 406,696,731 "," 33,980,941,077 ",2.225681926,0.01%,0.0163383997,NXP SEMICONDUCTORS NV
ADP,NASDAQ,ADP US Equity, 103.11 , 90.94 ," 1,897,173 "," 172,829,625 "," 46,520,470,405 ",2.199318804,0.01%,0.0245507212,AUTOMATIC DATA PROCESSING
KSU,NYSE,KSU US Equity, 83.81 , 90.96 ," 1,741,797 "," 134,798,674 "," 9,016,200,767 ",2.198762626,0.01%,0.0625808227,KANSAS CITY SOUTHERN
CCI,NYSE,CCI US Equity, 85.50 , 91.30 ," 2,893,402 "," 227,452,041 "," 30,831,715,701 ",2.190572193,0.01%,0.0401123284,CROWN CASTLE INTL CORP
DPS,NYSE,DPS US Equity, 90.93 , 91.35 ," 1,397,599 "," 114,622,342 "," 16,705,218,135 ",2.189413902,0.01%,0.0382979218,DR PEPPER SNAPPLE GROUP INC
SRCL,NASDAQ,SRCL US Equity, 79.38 , 91.63 ," 1,276,045 "," 115,510,318 "," 6,753,926,722 ",2.18259955,0.01%,0.0609910247,STERICYCLE INC
CVS,NYSE,CVS US Equity, 82.20 , 91.77 ," 7,631,848 "," 549,842,529 "," 87,661,300,103 ",2.179319855,0.01%,0.0172644101,CVS HEALTH CORP
UNP,NYSE,UNP US Equity, 103.19 , 92.01 ," 3,934,309 "," 373,722,659 "," 85,040,161,858 ",2.173644822,0.01%,0.0454246597,UNION PACIFIC CORP
PNC,NYSE,PNC US Equity, 119.05 , 92.21 ," 3,077,785 "," 258,465,296 "," 57,918,010,956 ",2.168899903,0.01%,0.0263487580,PNC FINANCIAL SERVICES GROUP
NSC,NYSE,NSC US Equity, 111.66 , 92.42 ," 1,753,853 "," 157,510,959 "," 32,598,269,960 ",2.163981103,0.01%,0.0637931609,NORFOLK SOUTHERN CORP
DTE,NYSE,DTE US Equity, 98.86 , 93.70 ," 1,202,125 "," 100,603,391 "," 17,738,984,039 ",2.134523059,0.01%,0.0646268664,DTE ENERGY COMPANY
WYNN,NASDAQ,WYNN US Equity, 92.43 , 95.28 ," 3,207,448 "," 285,312,727 "," 9,403,912,404 ",2.098989371,0.01%,0.0537321051,WYNN RESORTS LTD
MKC,NYSE,MKC US Equity, 91.40 , 97.37 ," 695,271 "," 64,386,617 "," 11,523,026,683 ",2.054077663,0.01%,0.0453020571,MCCORMICK & CO-NON VTG SHRS
PM,NYSE,PM US Equity, 91.84 , 97.44 ," 4,791,919 "," 435,335,849 "," 142,475,973,898 ",2.052599908,0.01%,0.0150234500,PHILIP MORRIS INTERNATIONAL
GPC,NYSE,GPC US Equity, 96.16 , 97.91 ," 683,869 "," 63,245,236 "," 14,302,573,095 ",2.042781969,0.01%,0.0709729809,GENUINE PARTS CO
DIS,NYSE,DIS US Equity, 108.98 , 97.97 ," 7,977,758 "," 755,363,020 "," 173,437,417,818 ",2.041542346,0.01%,0.0122921085,WALT DISNEY CO/THE
MA,NYSE,MA US Equity, 107.76 , 98.30 ," 3,831,691 "," 377,588,228 "," 117,416,851,839 ",2.034645888,0.01%,0.0188775035,MASTERCARD INC - A
HSY,NYSE,HSY US Equity, 104.51 , 99.26 ," 1,309,454 "," 149,346,352 "," 22,180,097,311 ",2.014969146,0.01%,0.0610801376,HERSHEY CO/THE
TAP,NYSE,TAP US Equity, 99.79 , 100.50 ," 1,769,975 "," 183,753,692 "," 21,419,988,268 ",1.989986454,0.00%,0.0458696255,MOLSON COORS BREWING CO -B
ADBE,NASDAQ,ADBE US Equity, 108.30 , 100.63 ," 2,578,858 "," 243,573,924 "," 53,849,686,266 ",1.987494759,0.00%,0.0332486491,ADOBE SYSTEMS INC
MCO,NYSE,MCO US Equity, 98.30 , 100.68 ," 993,986 "," 102,367,124 "," 18,792,087,084 ",1.98655899,0.00%,0.0547314383,MOODY'S CORP
CME,NASDAQ,CME US Equity, 117.19 , 100.76 ," 1,652,610 "," 157,997,030 "," 39,768,455,915 ",1.984987653,0.00%,0.0367726498,CME GROUP INC
MON,NYSE,MON US Equity, 108.13 , 101.93 ," 3,017,384 "," 377,158,473 "," 47,420,933,227 ",1.962086663,0.00%,0.0322006632,MONSANTO CO
ASML,NASDAQ,ASML US Equity, 111.12 , 102.70 ," 696,580 "," 77,050,900 "," 48,803,849,996 ",1.947350866,0.00%,0.0585931209,ASML HOLDING NV-NY REG SHS
PPG,NYSE,PPG US Equity, 95.59 , 103.27 ," 1,764,720 "," 163,891,021 "," 25,235,305,374 ",1.936753342,0.00%,0.0400356903,PPG INDUSTRIES INC
FISV,NASDAQ,FISV US Equity, 109.83 , 103.56 ," 1,107,163 "," 108,245,158 "," 23,839,406,115 ",1.931156151,0.00%,0.0640358930,FISERV INC
EW,NYSE,EW US Equity, 97.07 , 103.75 ," 2,111,743 "," 184,450,187 "," 20,754,919,059 ",1.927730406,0.00%,0.0541923439,EDWARDS LIFESCIENCES CORP
NFLX,NASDAQ,NFLX US Equity, 131.07 , 103.76 ," 8,541,925 "," 1,038,247,994 "," 56,248,038,165 ",1.927552939,0.00%,0.0355355676,NETFLIX INC
CVX,NYSE,CVX US Equity, 116.84 , 103.89 ," 6,991,192 "," 706,494,891 "," 220,566,967,349 ",1.92511396,0.00%,0.0134654684,CHEVRON CORP
SOXX,NASDAQ,SOXX US Equity, 122.98 , 104.02 ," 550,296 "," 56,090,910 "," 639,496,033 ",1.922731208,0.00%,0.0374120776,ISHARES PHLX SEMICONDUCTOR E
UTX,NYSE,UTX US Equity, 112.55 , 104.16 ," 3,470,273 "," 360,214,134 "," 92,674,310,072 ",1.920184705,0.00%,0.0275082022,UNITED TECHNOLOGIES CORP
CTAS,NASDAQ,CTAS US Equity, 116.70 , 104.47 ," 708,316 "," 75,073,572 "," 12,258,066,238 ",1.914453553,0.00%,0.0506229972,CINTAS CORP
PEP,NYSE,PEP US Equity, 104.56 , 105.12 ," 4,381,069 "," 446,318,121 "," 149,958,187,027 ",1.902524228,0.00%,0.0129226147,PEPSICO INC
SRE,NYSE,SRE US Equity, 102.92 , 105.42 ," 1,346,171 "," 130,586,867 "," 25,736,275,341 ",1.897159652,0.00%,0.0657879490,SEMPRA ENERGY
AAPL,NASDAQ,AAPL US Equity, 117.91 , 106.43 ," 34,952,328 "," 3,784,801,323 "," 619,949,084,560 ",1.87925508,0.00%,0.0090560259,APPLE INC
CELG,NASDAQ,CELG US Equity, 119.64 , 107.69 ," 4,399,073 "," 544,416,582 "," 92,745,346,501 ",1.857258533,0.00%,0.0434495632,CELGENE CORP
UPS,NYSE,UPS US Equity, 115.40 , 108.69 ," 2,481,422 "," 269,705,777 "," 100,704,441,353 ",1.840035584,0.00%,0.0248370736,UNITED PARCEL SERVICE-CL B
AON,NYSE,AON US Equity, 114.35 , 109.08 ," 961,998 "," 110,124,894 "," 30,084,804,160 ",1.833503189,0.00%,0.0491610695,AON PLC
DEO,NYSE,DEO US Equity, 106.39 , 109.13 ," 751,794 "," 80,143,563 "," 66,937,313,103 ",1.832690892,0.00%,0.0379963331,DIAGEO PLC-SPONSORED ADR
INTU,NASDAQ,INTU US Equity, 116.86 , 109.41 ," 1,320,432 "," 151,938,479 "," 29,994,296,102 ",1.828041225,0.00%,0.0470562419,INTUIT INC
AMT,NYSE,AMT US Equity, 105.27 , 109.52 ," 2,523,786 "," 233,264,232 "," 44,817,919,818 ",1.826202181,0.00%,0.0403582510,AMERICAN TOWER CORP
ITW,NYSE,ITW US Equity, 122.88 , 113.70 ," 1,538,020 "," 169,777,150 "," 43,131,462,943 ",1.759052888,0.00%,0.0575921502,ILLINOIS TOOL WORKS
QQQ,NASDAQ,QQQ US Equity, 121.93 , 113.80 ," 24,088,502 "," 2,673,259,024 "," 41,815,894,531 ",1.757495472,0.00%,0.0083959211,POWERSHARES QQQ TRUST SERIES
HON,NYSE,HON US Equity, 118.53 , 113.97 ," 3,647,108 "," 355,026,023 "," 90,334,641,758 ",1.754785607,0.00%,0.0230596807,HONEYWELL INTERNATIONAL INC
SYK,NYSE,SYK US Equity, 117.75 , 114.34 ," 1,429,997 "," 157,057,240 "," 44,091,689,795 ",1.749162315,0.00%,0.0499313479,STRYKER CORP
EXPE,NASDAQ,EXPE US Equity, 116.45 , 114.35 ," 2,272,085 "," 248,059,257 "," 17,470,980,923 ",1.748950739,0.00%,0.0438532847,EXPEDIA INC
SPGI,NYSE,SPGI US Equity, 114.60 , 114.47 ," 1,317,343 "," 134,521,429 "," 29,692,860,000 ",1.747225387,0.00%,0.0420474629,S&P GLOBAL INC
TRV,NYSE,TRV US Equity, 118.27 , 114.92 ," 1,790,423 "," 184,723,312 "," 33,595,630,018 ",1.740279786,0.00%,0.0406534063,TRAVELERS COS INC/THE
ACN,NYSE,ACN US Equity, 116.30 , 116.14 ," 2,546,721 "," 266,255,034 "," 75,702,759,858 ",1.722133692,0.00%,0.0287429852,ACCENTURE PLC-CL A
JNJ,NYSE,JNJ US Equity, 116.30 , 116.61 ," 6,812,251 "," 796,912,570 "," 316,397,839,966 ",1.715179024,0.00%,0.0118682256,JOHNSON & JOHNSON
SWK,NYSE,SWK US Equity, 118.21 , 116.70 ," 1,063,739 "," 117,825,321 "," 17,812,906,971 ",1.713845291,0.00%,0.0711162326,STANLEY BLACK & DECKER INC
PX,NYSE,PX US Equity, 116.20 , 116.77 ," 1,310,973 "," 144,607,738 "," 33,162,200,754 ",1.712759899,0.00%,0.0462792321,PRAXAIR INC
AET,NYSE,AET US Equity, 124.26 , 117.26 ," 2,545,496 "," 307,126,800 "," 43,602,834,000 ",1.705556167,0.00%,0.0579388580,AETNA INC
ZBH,NYSE,ZBH US Equity, 104.96 , 117.52 ," 1,681,286 "," 185,649,074 "," 21,023,442,447 ",1.701787323,0.00%,0.0591811661,ZIMMER BIOMET HOLDINGS INC
ECL,NYSE,ECL US Equity, 118.92 , 117.96 ," 887,944 "," 112,419,514 "," 34,671,362,770 ",1.695503608,0.00%,0.0475158565,ECOLAB INC
MCD,NYSE,MCD US Equity, 120.76 , 120.44 ," 4,309,247 "," 576,758,805 "," 100,284,372,397 ",1.660593731,0.00%,0.0178712130,MCDONALD'S CORP
FB,NASDAQ,FB US Equity, 123.41 , 120.54 ," 20,817,048 "," 2,573,117,410 "," 356,555,442,647 ",1.659207184,0.00%,0.0107386775,FACEBOOK INC-A
BUD,NYSE,BUD US Equity, 105.93 , 121.24 ," 2,066,927 "," 206,013,404 "," 213,898,302,200 ",1.64967574,0.00%,0.0407391919,ANHEUSER-BUSCH INBEV-SPN ADR
NEE,NYSE,NEE US Equity, 118.65 , 121.74 ," 2,429,430 "," 301,805,879 "," 56,865,145,471 ",1.642910199,0.00%,0.0610137466,NEXTERA ENERGY INC
CMI,NYSE,CMI US Equity, 138.72 , 122.76 ," 1,556,990 "," 200,687,558 "," 23,343,124,092 ",1.629252258,0.00%,0.0716804457,CUMMINS INC
EFX,NYSE,EFX US Equity, 121.00 , 124.90 ," 789,189 "," 89,978,421 "," 14,491,118,389 ",1.60124325,0.00%,0.0597429994,EQUIFAX INC
KMB,NYSE,KMB US Equity, 116.43 , 125.51 ," 1,778,339 "," 219,121,187 "," 41,700,036,715 ",1.593541023,0.00%,0.0338951102,KIMBERLY-CLARK CORP
CB,NYSE,CB US Equity, 131.33 , 125.83 ," 1,534,180 "," 185,731,037 "," 61,112,990,438 ",1.589506097,0.00%,0.0471368119,CHUBB LTD
CLX,NYSE,CLX US Equity, 122.52 , 126.17 ," 1,012,923 "," 124,613,579 "," 15,773,677,879 ",1.585107593,0.00%,0.0568917759,CLOROX COMPANY
LH,NYSE,LH US Equity, 129.34 , 130.19 ," 720,005 "," 103,620,651 "," 13,322,020,000 ",1.536203307,0.00%,0.0652819311,LABORATORY CRP OF AMER HLDGS
HD,NYSE,HD US Equity, 133.53 , 131.55 ," 5,148,381 "," 635,937,456 "," 162,661,034,324 ",1.520299875,0.00%,0.0158586684,HOME DEPOT INC
TLT,NASDAQ,TLT US Equity, 120.86 , 131.73 ," 9,963,069 "," 1,180,453,707 "," 5,245,324,219 ",1.518233349,0.00%,0.0086326136,ISHARES 20+ YEAR TREASURY BO
ANTM,NYSE,ANTM US Equity, 144.35 , 133.65 ," 1,622,661 "," 229,311,601 "," 38,026,899,413 ",1.496427387,0.00%,0.0663480202,ANTHEM INC
SJM,NYSE,SJM US Equity, 129.04 , 136.18 ," 794,713 "," 124,316,524 "," 15,024,686,330 ",1.468698333,0.00%,0.0690954176,JM SMUCKER CO/THE
BA,NYSE,BA US Equity, 159.10 , 136.29 ," 3,431,401 "," 497,201,108 "," 98,191,095,008 ",1.467474118,0.00%,0.0354637968,BOEING CO/THE
RTN,NYSE,RTN US Equity, 148.22 , 136.96 ," 1,791,874 "," 252,316,117 "," 43,524,358,340 ",1.46025476,0.00%,0.0440137495,RAYTHEON COMPANY
APD,NYSE,APD US Equity, 144.36 , 137.22 ," 1,580,819 "," 185,705,956 "," 31,388,711,464 ",1.45748462,0.00%,0.0477506197,AIR PRODUCTS & CHEMICALS INC
UNH,NYSE,UNH US Equity, 162.41 , 141.01 ," 3,774,177 "," 482,752,040 "," 154,584,472,290 ",1.418347161,0.00%,0.0392319379,UNITEDHEALTH GROUP INC
TMO,NYSE,TMO US Equity, 147.27 , 149.39 ," 1,861,403 "," 239,517,847 "," 58,175,364,886 ",1.338779479,0.00%,0.0519561156,THERMO FISHER SCIENTIFIC INC
GD,NYSE,GD US Equity, 177.46 , 150.64 ," 1,447,651 "," 231,308,252 "," 54,040,039,343 ",1.327703451,0.00%,0.0580345247,GENERAL DYNAMICS CORP
COST,NASDAQ,COST US Equity, 162.83 , 155.35 ," 2,444,028 "," 369,016,007 "," 71,521,505,214 ",1.28738815,0.00%,0.0298237149,COSTCO WHOLESALE CORP
IBM,NYSE,IBM US Equity, 169.53 , 156.00 ," 3,446,381 "," 540,710,237 "," 161,198,372,031 ",1.282061941,0.00%,0.0284437714,INTL BUSINESS MACHINES CORP
AMGN,NASDAQ,AMGN US Equity, 156.78 , 158.07 ," 3,664,696 "," 503,680,421 "," 116,632,165,317 ",1.265253984,0.00%,0.0342624619,AMGEN INC
STZ,NYSE,STZ US Equity, 149.44 , 159.70 ," 1,741,505 "," 234,697,151 "," 29,292,308,233 ",1.25238228,0.00%,0.0538369880,CONSTELLATION BRANDS INC-A
AVGO,NASDAQ,AVGO US Equity, 176.59 , 164.22 ," 2,824,626 "," 435,165,319 "," 70,455,947,423 ",1.217903682,0.00%,0.0494751571,BROADCOM LTD
MCK,NYSE,MCK US Equity, 146.92 , 169.00 ," 2,450,730 "," 312,981,568 "," 33,216,696,163 ",1.183405668,0.00%,0.0700337422,MCKESSON CORP
BDX,NYSE,BDX US Equity, 167.89 , 169.21 ," 1,024,547 "," 163,367,392 "," 35,799,527,363 ",1.181967457,0.00%,0.0709460276,BECTON DICKINSON AND CO
FDX,NYSE,FDX US Equity, 190.25 , 169.93 ," 1,690,385 "," 263,758,696 "," 50,703,392,423 ",1.176969429,0.00%,0.0554014760,FEDEX CORP
MMM,NYSE,MMM US Equity, 178.23 , 173.17 ," 1,918,563 "," 323,276,997 "," 107,199,356,650 ",1.1549074,0.00%,0.0330702989,3M CO
BIDU,NASDAQ,BIDU US Equity, 176.38 , 173.35 ," 2,323,680 "," 497,833,424 "," 61,188,105,738 ",1.153714562,0.00%,0.0581796857,BAIDU INC - SPON ADR
GS,NYSE,GS US Equity, 244.90 , 174.65 ," 3,573,234 "," 863,139,325 "," 102,235,359,464 ",1.145175592,0.00%,0.0482900690,GOLDMAN SACHS GROUP INC
SHPG,NASDAQ,SHPG US Equity, 180.11 , 183.82 ," 1,226,937 "," 323,656,848 "," 54,285,283,139 ",1.088037194,0.00%,0.0590357644,SHIRE PLC-ADR
GOOGL,NASDAQ,GOOGL US Equity, 825.21 , 772.38 ," 1,763,884 "," 1,548,318,310 "," 561,731,128,577 ",1,0.00%,0.0555475422,ALPHABET INC-CL A
AMZN,NASDAQ,AMZN US Equity, 795.99 , 738.46 ," 3,881,726 "," 2,735,187,776 "," 378,227,803,827 ",1,0.00%,0.0394207273,AMAZON.COM INC
LMT,NYSE,LMT US Equity, 257.85 , 244.87 ," 1,519,129 "," 543,201,033 "," 75,544,210,729 ",1,0.00%,0.0493541194,LOCKHEED MARTIN CORP
AGN,NYSE,AGN US Equity, 219.08 , 228.45 ," 4,639,508 "," 896,656,367 "," 73,299,821,891 ",1,0.00%,0.0530310240,ALLERGAN PLC
TSLA,NASDAQ,TSLA US Equity, 229.01 , 214.35 ," 4,274,214 "," 882,694,665 "," 36,890,922,958 ",1,0.00%,0.0552449833,TESLA MOTORS INC
,,,,,,,,,,,
,,,,,,,,,,,
,,,,,,,,,,,
,,,,,,,,,,,
,,,,,,,,,,,
,,,,,,,,,,,
,,,,,,,,,,,
,,,,,,,,,,,
,,,,,,,,,,,
,,,,,,,,,,,
,,,,,,,,,,,
,,,,,,,,,,,
,,,,,,,,,,,
,,,,,,,,,,,
,,,,,,,,,,,
,,,,,,,,,,,
,,,,,,,,,,,
,,,,,,,,,,,
,,,,,,,,,,,
,,,,,,,,,,,
,,,,,,,,,,,
,,,,,,,,,,,
,,,,,,,,,,,
,,,,,,,,,,,
,,,,,,,,,,,
,,,,,,,,,,,
,,,,,,,,,,,
,,,,,,,,,,,
,,,,,,,,,,,
,,,,,,,,,,,
,,,,,,,,,,,
,,,,,,,,,,,
,,,,,,,,,,,
,,,,,,,,,,,
,,,,,,,,,,,
,,,,,,,,,,,
,,,,,,,,,,,
,,,,,,,,,,,
,,,,,,,,,,,
,,,,,,,,,,,
,,,,,,,,,,,
,,,,,,,,,,,
,,,,,,,,,,,
,,,,,,,,,,,
,,,,,,,,,,,
,,,,,,,,,,,
,,,,,,,,,,,
,,,,,,,,,,,
,,,,,,,,,,,
,,,,,,,,,,,
,,,,,,,,,,,
,,,,,,,,,,,
,,,,,,,,,,,
,,,,,,,,,,,
,,,,,,,,,,,
,,,,,,,,,,,
,,,,,,,,,,,
,,,,,,,,,,,
,,,,,,,,,,,
,,,,,,,,,,,
,,,,,,,,,,,
,,,,,,,,,,,
,,,,,,,,,,,
,,,,,,,,,,,
,,,,,,,,,,,
,,,,,,,,,,,
,,,,,,,,,,,
,,,,,,,,,,,
,,,,,,,,,,,
,,,,,,,,,,,
,,,,,,,,,,,
,,,,,,,,,,,
,,,,,,,,,,,
,,,,,,,,,,,
,,,,,,,,,,,
,,,,,,,,,,,
,,,,,,,,,,,
,,,,,,,,,,,
,,,,,,,,,,,
,,,,,,,,,,,
,,,,,,,,,,,
,,,,,,,,,,,
,,,,,,,,,,,
,,,,,,,,,,,
,,,,,,,,,,,
,,,,,,,,,,,
,,,,,,,,,,,
,,,,,,,,,,,
,,,,,,,,,,,
,,,,,,,,,,,
,,,,,,,,,,,
,,,,,,,,,,,
,,,,,,,,,,,
,,,,,,,,,,,
,,,,,,,,,,,
,,,,,,,,,,,
,,,,,,,,,,,
,,,,,,,,,,,
,,,,,,,,,,,
,,,,,,,,,,,
,,,,,,,,,,,
,,,,,,,,,,,
,,,,,,,,,,,
,,,,,,,,,,,
,,,,,,,,,,,
,,,,,,,,,,,
,,,,,,,,,,,
,,,,,,,,,,,
,,,,,,,,,,,
,,,,,,,,,,,
,,,,,,,,,,,
,,,,,,,,,,,
,,,,,,,,,,,
,,,,,,,,,,,
,,,,,,,,,,,
,,,,,,,,,,,
,,,,,,,,,,,
,,,,,,,,,,,
,,,,,,,,,,,
,,,,,,,,,,,
